nameWithOwner,createdAt,stargazerCount,pullRequestsMerged,releasesTotal,updatedAt,primaryLanguage,issuesTotal,issuesClosed
codecrafters-io/build-your-own-x,2018-05-09T12:03:18Z,472414,155,0,2026-03-05T12:05:52Z,Markdown,888,653
sindresorhus/awesome,2014-07-11T13:42:37Z,442741,694,0,2026-03-05T12:01:06Z,,365,349
freeCodeCamp/freeCodeCamp,2014-12-24T17:49:19Z,437806,27769,0,2026-03-05T12:04:09Z,TypeScript,21153,20977
public-apis/public-apis,2016-03-20T23:49:42Z,404392,1872,0,2026-03-05T12:07:33Z,Python,838,832
EbookFoundation/free-programming-books,2013-10-11T06:50:37Z,383615,7328,0,2026-03-05T12:06:30Z,Python,1263,1227
kamranahmedse/developer-roadmap,2017-03-15T13:45:52Z,350219,4073,1,2026-03-05T12:09:43Z,TypeScript,3085,3054
jwasham/coding-interview-university,2016-06-06T02:34:12Z,337600,415,0,2026-03-05T11:44:06Z,,525,454
donnemartin/system-design-primer,2017-02-26T16:15:28Z,337352,203,0,2026-03-05T12:09:04Z,Python,360,110
vinta/awesome-python,2014-06-27T21:00:06Z,285681,641,0,2026-03-05T11:59:50Z,Python,0,0
awesome-selfhosted/awesome-selfhosted,2015-06-01T02:33:17Z,277180,2395,1,2026-03-05T12:07:38Z,,807,807
996icu/996.ICU,2019-03-26T07:31:14Z,275649,1072,0,2026-03-05T11:42:33Z,,0,0
openclaw/openclaw,2025-11-24T10:16:47Z,263865,2708,59,2026-03-05T12:10:44Z,TypeScript,15210,9975
practical-tutorials/project-based-learning,2017-04-12T05:07:46Z,260219,182,0,2026-03-05T11:52:14Z,,227,82
facebook/react,2013-05-24T16:15:54Z,243629,12773,118,2026-03-05T11:51:49Z,JavaScript,14384,13574
torvalds/linux,2011-09-04T22:48:12Z,220961,0,0,2026-03-05T11:56:21Z,C,0,0
TheAlgorithms/Python,2016-07-16T09:44:01Z,218351,3046,0,2026-03-05T12:09:44Z,Python,1702,1540
vuejs/vue,2013-07-29T03:24:51Z,209964,1136,249,2026-03-05T11:52:34Z,TypeScript,10027,9668
trimstray/the-book-of-secret-knowledge,2018-06-23T10:43:14Z,208748,122,0,2026-03-05T12:00:00Z,,0,0
ossu/computer-science,2014-05-04T00:18:39Z,202137,305,0,2026-03-05T09:41:24Z,HTML,666,654
trekhleb/javascript-algorithms,2018-03-24T07:47:04Z,195727,304,0,2026-03-05T11:52:02Z,JavaScript,371,233
tensorflow/tensorflow,2015-11-07T01:19:20Z,194008,42300,221,2026-03-05T12:06:17Z,C++,41195,40300
ohmyzsh/ohmyzsh,2009-08-28T18:15:37Z,185120,3515,0,2026-03-05T11:26:25Z,Shell,5032,4890
getify/You-Dont-Know-JS,2013-11-16T02:37:24Z,184458,370,0,2026-03-05T11:43:58Z,,949,949
CyC2018/CS-Notes,2018-02-13T14:56:24Z,183818,374,0,2026-03-05T11:32:47Z,,578,449
microsoft/vscode,2015-09-03T20:23:38Z,182313,43302,197,2026-03-05T12:02:29Z,TypeScript,232059,218706
Significant-Gravitas/AutoGPT,2023-03-16T09:21:07Z,182194,3962,94,2026-03-05T12:09:49Z,Python,3737,3504
jackfrued/Python-100-Days,2018-03-01T16:05:52Z,179290,13,0,2026-03-05T11:51:42Z,Jupyter Notebook,711,188
n8n-io/n8n,2019-06-22T09:24:21Z,177664,14073,547,2026-03-05T12:09:15Z,TypeScript,8209,7736
flutter/flutter,2015-03-06T22:54:58Z,175437,46916,7,2026-03-05T11:55:46Z,Dart,112432,100264
twbs/bootstrap,2011-07-29T21:19:00Z,174021,9113,94,2026-03-05T11:52:39Z,MDX,22848,22453
github/gitignore,2010-11-08T20:17:14Z,172827,1727,0,2026-03-05T11:42:17Z,,0,0
massgravel/Microsoft-Activation-Scripts,2020-01-12T23:03:34Z,167746,5,29,2026-03-05T11:43:33Z,Batchfile,908,906
avelino/awesome-go,2014-07-06T13:42:15Z,166601,3605,0,2026-03-05T12:06:14Z,Go,727,713
ollama/ollama,2023-06-26T19:39:32Z,164155,3069,189,2026-03-05T11:52:31Z,Go,9483,7498
AUTOMATIC1111/stable-diffusion-webui,2022-08-22T14:05:26Z,161502,1884,27,2026-03-05T09:28:16Z,Python,7885,5486
jlevy/the-art-of-command-line,2015-05-20T15:11:03Z,160064,317,0,2026-03-05T12:02:02Z,,258,136
huggingface/transformers,2018-10-29T13:56:00Z,157424,18725,244,2026-03-05T11:58:19Z,Python,18661,17585
Snailclimb/JavaGuide,2018-05-07T13:27:00Z,154052,1213,0,2026-03-05T11:44:37Z,Java,1130,1056
DigitalPlatDev/FreeDomain,2024-05-30T13:23:00Z,150774,1,0,2026-03-05T12:06:09Z,HTML,0,0
f/prompts.chat,2022-12-05T13:54:13Z,150095,200,0,2026-03-05T12:06:39Z,HTML,131,128
yt-dlp/yt-dlp,2020-10-26T04:22:55Z,149680,3229,131,2026-03-05T12:08:12Z,Python,11120,9302
airbnb/javascript,2012-11-01T23:13:50Z,148094,813,0,2026-03-05T11:46:04Z,JavaScript,1399,1299
langflow-ai/langflow,2023-02-08T22:28:03Z,145271,5775,283,2026-03-05T12:02:49Z,Python,3158,2818
521xueweihan/HelloGitHub,2016-05-04T06:24:11Z,144849,17,63,2026-03-05T12:10:09Z,Python,2961,2681
ytdl-org/youtube-dl,2010-10-31T14:35:07Z,139792,1646,341,2026-03-05T11:24:24Z,Python,26819,23190
vercel/next.js,2016-10-05T23:32:51Z,138156,26129,1000,2026-03-05T11:44:07Z,JavaScript,24310,22258
yangshun/tech-interview-handbook,2016-07-05T05:00:48Z,137990,486,0,2026-03-05T11:56:54Z,TypeScript,120,76
Genymobile/scrcpy,2017-11-21T18:00:27Z,136517,123,50,2026-03-05T11:58:46Z,C,5958,3285
labuladong/fucking-algorithm,2020-02-19T09:01:23Z,132913,244,0,2026-03-05T12:06:51Z,Markdown,962,962
golang/go,2014-08-19T04:33:40Z,132892,1,0,2026-03-05T12:06:47Z,Go,70396,60957
langgenius/dify,2023-04-12T07:40:24Z,131294,9710,158,2026-03-05T11:58:17Z,TypeScript,16737,16326
microsoft/PowerToys,2019-05-01T17:44:02Z,130231,6347,127,2026-03-05T11:44:16Z,C#,38237,30143
langchain-ai/langchain,2022-10-17T02:58:36Z,128334,16036,1000,2026-03-05T12:08:48Z,Python,9116,8873
x1xhlol/system-prompts-and-models-of-ai-tools,2025-03-05T16:38:29Z,128055,46,0,2026-03-05T12:05:50Z,,189,108
Chalarangelo/30-seconds-of-code,2017-11-29T17:35:03Z,126951,836,12,2026-03-05T11:44:10Z,JavaScript,300,300
open-webui/open-webui,2023-10-06T22:08:27Z,125817,3313,152,2026-03-05T11:50:00Z,Python,7792,7611
facebook/react-native,2015-01-09T18:10:16Z,125504,957,443,2026-03-05T11:53:53Z,C++,27578,26830
krahets/hello-algo,2022-11-04T11:08:34Z,122670,968,10,2026-03-05T11:18:39Z,Java,282,274
kubernetes/kubernetes,2014-06-06T22:56:04Z,120936,63992,784,2026-03-05T12:02:34Z,Go,48625,46780
electron/electron,2013-04-12T01:47:36Z,120311,24537,1000,2026-03-05T11:43:57Z,C++,21477,20738
ripienaar/free-for-dev,2015-03-18T21:06:26Z,118644,2900,0,2026-03-05T12:06:53Z,HTML,0,0
excalidraw/excalidraw,2020-01-02T01:04:43Z,118059,3837,14,2026-03-05T12:03:16Z,TypeScript,4642,2538
justjavac/free-programming-books-zh_CN,2013-11-04T01:59:19Z,116404,282,3,2026-03-05T11:46:26Z,,0,0
anomalyco/opencode,2025-04-30T20:08:00Z,116321,2577,727,2026-03-05T12:09:29Z,TypeScript,9752,5072
nodejs/node,2014-11-26T19:57:11Z,116077,11889,484,2026-03-05T12:05:02Z,JavaScript,20085,18327
d3/d3,2010-09-27T17:22:42Z,112464,494,194,2026-03-05T09:41:38Z,Shell,2239,2229
iptv-org/iptv,2018-11-14T22:00:57Z,112410,6821,0,2026-03-05T11:55:07Z,TypeScript,21738,21436
mrdoob/three.js,2010-03-23T18:58:01Z,111184,15235,175,2026-03-05T11:52:31Z,JavaScript,13507,13065
rust-lang/rust,2010-06-16T20:39:03Z,110899,69540,146,2026-03-05T11:43:54Z,Rust,61595,50466
rustdesk/rustdesk,2020-09-28T15:36:08Z,108674,3945,36,2026-03-05T11:40:02Z,Rust,4000,3934
axios/axios,2014-08-18T22:30:27Z,108578,1134,109,2026-03-05T11:51:32Z,JavaScript,4958,4757
microsoft/TypeScript,2014-06-17T15:28:39Z,108022,14857,214,2026-03-05T12:04:46Z,TypeScript,42958,37983
Hack-with-Github/Awesome-Hacking,2016-03-30T15:47:10Z,107770,34,0,2026-03-05T12:07:11Z,,0,0
shadcn-ui/ui,2023-01-04T12:43:27Z,107747,1007,75,2026-03-05T12:07:48Z,TypeScript,3931,2949
microsoft/generative-ai-for-beginners,2023-06-19T16:28:59Z,107539,521,0,2026-03-05T11:59:55Z,Jupyter Notebook,207,202
godotengine/godot,2014-01-04T16:05:36Z,107381,41422,66,2026-03-05T12:01:35Z,C++,61273,48293
GrowingGit/GitHub-Chinese-Top-Charts,2019-09-05T03:01:56Z,106580,0,0,2026-03-05T10:54:59Z,Java,343,162
denoland/deno,2018-05-15T01:34:26Z,106308,14288,367,2026-03-05T12:10:38Z,Rust,13950,11592
goldbergyoni/nodebestpractices,2017-09-15T08:33:19Z,105144,766,0,2026-03-05T11:26:11Z,Dockerfile,334,286
Comfy-Org/ComfyUI,2023-01-17T03:15:56Z,104913,2204,122,2026-03-05T11:50:25Z,Python,7963,4509
fatedier/frp,2015-12-21T15:24:59Z,104894,733,109,2026-03-05T12:04:25Z,Go,4059,4022
facebook/create-react-app,2016-07-17T14:55:11Z,103827,1949,83,2026-03-05T11:53:13Z,JavaScript,8421,6574
papers-we-love/papers-we-love,2013-12-15T14:31:41Z,103817,439,0,2026-03-05T11:34:54Z,Shell,248,246
tauri-apps/tauri,2019-07-13T09:09:37Z,103656,5400,0,2026-03-05T11:46:05Z,Rust,6169,4912
microsoft/terminal,2017-08-11T18:38:22Z,102020,4378,146,2026-03-05T10:56:27Z,C++,13816,12169
deepseek-ai/DeepSeek-V3,2024-12-26T09:52:40Z,101891,25,1,2026-03-05T11:59:24Z,Python,721,679
clash-verge-rev/clash-verge-rev,2023-11-21T18:24:03Z,100544,751,62,2026-03-05T12:06:47Z,TypeScript,5001,4836
angular/angular,2014-09-18T16:12:01Z,100067,5668,609,2026-03-05T11:26:05Z,TypeScript,30372,29374
Shubhamsaboo/awesome-llm-apps,2024-04-29T05:30:25Z,99743,170,0,2026-03-05T12:02:09Z,Python,119,119
jaywcjlove/awesome-mac,2016-07-17T15:33:47Z,99543,1081,13,2026-03-05T11:49:44Z,JavaScript,513,378
supabase/supabase,2019-10-12T05:56:49Z,98563,15560,25,2026-03-05T12:01:34Z,TypeScript,5240,4972
Anduin2017/HowToCook,2020-02-29T10:43:49Z,98521,614,4,2026-03-05T11:50:16Z,Dockerfile,827,364
mtdvio/every-programmer-should-know,2017-08-24T13:18:26Z,98179,110,0,2026-03-05T09:31:05Z,,45,31
mui/material-ui,2014-08-18T19:11:54Z,98003,21487,558,2026-03-05T11:50:13Z,JavaScript,20348,18753
pytorch/pytorch,2016-08-13T05:26:41Z,97976,6428,64,2026-03-05T11:52:51Z,Python,57131,41028
2dust/v2rayN,2019-07-30T03:47:24Z,97945,395,300,2026-03-05T11:56:32Z,C#,6596,6592
ant-design/ant-design,2015-04-24T15:37:24Z,97671,17057,740,2026-03-05T11:39:54Z,TypeScript,32407,31119
neovim/neovim,2014-01-31T13:39:22Z,96957,17730,48,2026-03-05T12:06:53Z,Vim Script,13749,12105
ggml-org/llama.cpp,2023-03-10T18:58:00Z,96747,7477,1000,2026-03-05T12:08:55Z,C++,7119,6684
google-gemini/gemini-cli,2025-04-17T17:04:31Z,96535,5257,392,2026-03-05T11:59:11Z,TypeScript,10724,8674
fastapi/fastapi,2018-12-08T08:21:47Z,95899,3168,269,2026-03-05T11:58:50Z,Python,3506,3495
nvbn/thefuck,2015-04-08T15:08:04Z,95596,481,17,2026-03-05T11:52:35Z,Python,774,477
openai/whisper,2022-09-16T20:02:54Z,95461,119,13,2026-03-05T12:06:16Z,Python,0,0
microsoft/Web-Dev-For-Beginners,2020-11-10T02:44:00Z,95378,654,0,2026-03-05T11:44:24Z,JavaScript,422,362
ryanmcdermott/clean-code-javascript,2016-11-25T22:25:41Z,94313,149,0,2026-03-05T08:23:03Z,JavaScript,245,165
immich-app/immich,2022-02-03T15:56:27Z,94069,8722,287,2026-03-05T11:52:39Z,TypeScript,8002,7486
tailwindlabs/tailwindcss,2017-10-06T14:59:14Z,93913,3302,300,2026-03-05T12:06:15Z,TypeScript,4771,4720
iluwatar/java-design-patterns,2014-08-09T16:45:18Z,93795,1520,0,2026-03-05T11:14:22Z,Java,978,839
puppeteer/puppeteer,2017-05-09T22:16:13Z,93710,5834,646,2026-03-05T11:44:09Z,TypeScript,7323,7064
nvm-sh/nvm,2010-04-15T17:47:47Z,92028,741,71,2026-03-05T11:38:51Z,Shell,2393,2062
deepseek-ai/DeepSeek-R1,2025-01-20T11:57:28Z,91914,10,1,2026-03-05T11:50:23Z,,691,664
florinpop17/app-ideas,2019-02-25T18:36:56Z,90940,151,0,2026-03-05T11:58:44Z,,195,51
PanJiaChen/vue-element-admin,2017-04-17T03:35:49Z,90287,311,49,2026-03-05T12:01:57Z,Vue,3613,2356
microsoft/markitdown,2024-11-13T19:56:40Z,90130,170,18,2026-03-05T11:39:37Z,Python,386,84
storybookjs/storybook,2016-03-18T04:23:44Z,89361,12272,1000,2026-03-05T11:07:07Z,TypeScript,14155,12041
firecrawl/firecrawl,2024-04-15T21:02:29Z,88414,1357,32,2026-03-05T12:10:46Z,TypeScript,824,779
bitcoin/bitcoin,2010-12-19T15:16:43Z,88352,16166,63,2026-03-05T11:42:42Z,C++,9011,8649
gin-gonic/gin,2014-06-16T23:57:25Z,88195,1224,29,2026-03-05T11:49:57Z,Go,2382,1786
oven-sh/bun,2021-04-14T00:48:17Z,87882,7177,210,2026-03-05T11:36:08Z,Zig,15759,10920
ChatGPTNextWeb/NextChat,2023-03-10T18:27:54Z,87434,894,77,2026-03-05T11:18:42Z,TypeScript,3582,2899
rasbt/LLMs-from-scratch,2023-07-23T18:15:57Z,87163,481,0,2026-03-05T12:11:38Z,Jupyter Notebook,218,218
django/django,2012-04-28T02:47:18Z,86973,10322,0,2026-03-05T12:01:47Z,Python,0,0
gohugoio/hugo,2013-07-04T15:26:26Z,86910,3239,365,2026-03-05T09:57:48Z,Go,8033,7792
mermaid-js/mermaid,2014-11-01T23:52:32Z,86489,2583,179,2026-03-05T11:50:57Z,TypeScript,3576,2210
opencv/opencv,2012-07-19T09:40:17Z,86443,13504,67,2026-03-05T11:17:41Z,C++,11435,8866
sveltejs/svelte,2016-11-20T18:13:05Z,85999,6517,606,2026-03-05T12:07:38Z,JavaScript,8924,8009
ruanyf/weekly,2018-10-13T12:36:07Z,85191,105,0,2026-03-05T11:57:55Z,,8479,1286
home-assistant/core,2013-09-17T07:29:48Z,85148,82532,1000,2026-03-05T11:47:11Z,Python,68250,65339
3b1b/manim,2015-03-22T18:50:58Z,84984,661,13,2026-03-05T12:01:20Z,Python,1223,765
anthropics/skills,2025-09-22T15:53:31Z,84465,21,0,2026-03-05T12:10:16Z,Python,147,21
microsoft/ML-For-Beginners,2021-03-03T01:34:05Z,84131,446,0,2026-03-05T11:43:35Z,Jupyter Notebook,158,158
laravel/laravel,2011-06-08T03:06:08Z,83883,1670,211,2026-03-05T12:04:00Z,Blade,0,0
louislam/uptime-kuma,2021-07-03T01:02:42Z,83617,1684,125,2026-03-05T11:43:10Z,JavaScript,4642,3981
microsoft/playwright,2019-11-15T18:32:42Z,83514,16274,158,2026-03-05T11:44:18Z,TypeScript,17096,16506
MunGell/awesome-for-beginners,2015-10-24T19:53:36Z,83153,469,0,2026-03-05T12:00:17Z,,204,188
macrozheng/mall,2018-04-04T01:11:44Z,83020,1,3,2026-03-05T12:07:33Z,Java,499,489
realworld-apps/realworld,2016-02-26T20:49:53Z,82913,434,0,2026-03-05T11:44:04Z,TypeScript,545,511
animate-css/animate.css,2011-10-12T10:07:38Z,82615,315,22,2026-03-05T11:43:55Z,CSS,883,843
punkpeye/awesome-mcp-servers,2024-11-30T04:49:10Z,82243,1405,0,2026-03-05T11:58:16Z,,208,148
bregman-arie/devops-exercises,2019-10-03T17:31:21Z,81394,309,0,2026-03-05T10:05:49Z,Python,103,69
DopplerHQ/awesome-interview-questions,2015-11-28T09:48:17Z,81246,175,0,2026-03-05T10:45:56Z,,61,34
tonsky/FiraCode,2014-11-11T19:32:38Z,81239,142,29,2026-03-05T09:10:29Z,Clojure,1380,959
syncthing/syncthing,2013-11-26T09:48:21Z,80521,2837,462,2026-03-05T09:18:38Z,Go,5858,5487
astral-sh/uv,2023-10-02T20:24:11Z,80301,8496,259,2026-03-05T12:08:17Z,Rust,8611,6253
modelcontextprotocol/servers,2024-11-19T01:10:17Z,80205,1178,24,2026-03-05T12:08:27Z,TypeScript,838,560
spring-projects/spring-boot,2012-10-19T15:02:57Z,80163,42,339,2026-03-05T11:42:48Z,Java,41393,40896
ByteByteGoHq/system-design-101,2023-09-18T20:52:03Z,79963,23,0,2026-03-05T11:30:15Z,,58,18
hacksider/Deep-Live-Cam,2023-09-24T13:19:31Z,79839,98,10,2026-03-05T11:30:07Z,Python,1114,1032
browser-use/browser-use,2024-10-31T16:00:56Z,79662,1668,118,2026-03-05T11:53:01Z,Python,1399,1269
fighting41love/funNLP,2018-08-21T11:20:39Z,79202,14,0,2026-03-05T11:33:44Z,Python,85,48
doocs/advanced-java,2018-10-06T11:38:30Z,78879,89,1,2026-03-05T11:50:30Z,Java,148,147
anuraghazra/github-readme-stats,2020-07-09T10:34:22Z,78615,1568,0,2026-03-05T11:52:31Z,JavaScript,1384,1228
vitejs/vite,2020-04-21T05:03:57Z,78604,6052,658,2026-03-05T12:10:28Z,TypeScript,8351,7894
junegunn/fzf,2013-10-23T16:04:23Z,78314,642,76,2026-03-05T12:03:47Z,Go,3102,2848
hoppscotch/hoppscotch,2019-08-21T13:15:24Z,78141,2038,99,2026-03-05T12:08:51Z,TypeScript,2336,1768
netdata/netdata,2013-06-17T18:39:10Z,77961,11741,132,2026-03-05T10:19:35Z,C,8203,8051
tensorflow/models,2016-02-05T01:15:20Z,77687,2342,51,2026-03-04T23:32:34Z,Python,7324,6240
nomic-ai/gpt4all,2023-03-27T18:49:32Z,77180,938,38,2026-03-05T09:42:45Z,C++,2212,1493
MisterBooo/LeetCodeAnimation,2018-12-06T08:01:22Z,76720,63,0,2026-03-05T11:29:21Z,Java,61,43
coder/code-server,2019-02-27T16:50:41Z,76484,1638,223,2026-03-05T11:33:38Z,TypeScript,3794,3627
zed-industries/zed,2021-02-20T03:01:06Z,76441,22094,1000,2026-03-05T12:05:52Z,Rust,18630,15981
FortAwesome/Font-Awesome,2012-02-17T14:19:43Z,76393,220,63,2026-03-05T11:38:04Z,JavaScript,19901,19609
elastic/elasticsearch,2010-02-08T13:20:56Z,76273,87357,235,2026-03-05T12:00:25Z,Java,43117,38645
Developer-Y/cs-video-courses,2016-10-21T17:02:11Z,76128,257,0,2026-03-05T12:07:04Z,,0,0
mlabonne/llm-course,2023-06-17T22:16:25Z,76081,2,0,2026-03-05T12:08:58Z,,95,32
localsend/localsend,2022-12-16T00:46:07Z,76006,701,24,2026-03-05T11:08:58Z,Dart,1595,739
d2l-ai/d2l-zh,2017-08-23T04:40:24Z,75977,1019,16,2026-03-05T12:04:48Z,Python,0,0
sdmg15/Best-websites-a-programmer-should-visit,2017-03-05T20:25:17Z,75783,431,0,2026-03-05T11:44:08Z,,185,105
swisskyrepo/PayloadsAllTheThings,2016-10-18T07:29:07Z,75734,564,5,2026-03-05T11:13:15Z,Python,0,0
typicode/json-server,2013-11-27T13:21:13Z,75640,161,46,2026-03-05T09:42:42Z,JavaScript,1178,566
Stirling-Tools/Stirling-PDF,2023-01-27T18:22:42Z,74962,3167,167,2026-03-05T11:56:50Z,TypeScript,1657,1313
nestjs/nest,2017-02-04T20:12:52Z,74860,8078,142,2026-03-05T09:42:00Z,TypeScript,5784,5767
ventoy/Ventoy,2020-03-10T15:19:19Z,74833,294,108,2026-03-05T12:01:18Z,C,2690,1878
unionlabs/union,2023-05-16T22:33:39Z,74268,3102,107,2026-03-05T10:28:27Z,Rust,1837,1709
github/spec-kit,2025-08-21T22:54:31Z,74229,176,112,2026-03-05T12:08:58Z,Python,870,333
infiniflow/ragflow,2023-12-12T06:13:13Z,74225,5448,40,2026-03-05T12:03:26Z,Python,6612,3629
anthropics/claude-code,2025-02-22T17:41:21Z,74083,145,54,2026-03-05T12:10:21Z,Shell,29773,24406
vuejs/awesome-vue,2015-10-20T00:16:14Z,73626,3611,0,2026-03-05T09:16:39Z,,230,191
jesseduffield/lazygit,2018-05-19T00:53:06Z,73537,1809,176,2026-03-05T11:41:23Z,Go,2520,1740
sherlock-project/sherlock,2018-12-24T14:30:48Z,73381,734,2,2026-03-05T12:05:48Z,Python,1149,1069
redis/redis,2009-03-21T22:32:25Z,73280,4426,117,2026-03-05T12:02:16Z,C,6915,4705
awesomedata/awesome-public-datasets,2014-11-20T06:20:50Z,73244,188,1,2026-03-05T12:07:15Z,,124,48
lobehub/lobehub,2023-05-21T07:19:12Z,73110,4332,1000,2026-03-05T11:33:29Z,TypeScript,5426,4907
twitter/the-algorithm,2023-03-27T14:57:57Z,72843,2,0,2026-03-05T11:33:28Z,Scala,1066,749
tesseract-ocr/tesseract,2014-08-12T18:04:59Z,72695,1432,35,2026-03-05T12:02:39Z,C++,2748,2318
CompVis/stable-diffusion,2022-08-10T14:36:44Z,72622,5,0,2026-03-05T12:08:43Z,Jupyter Notebook,735,199
grafana/grafana,2013-12-11T15:59:56Z,72497,62609,592,2026-03-05T11:43:34Z,TypeScript,43164,39908
thedaviddias/Front-End-Checklist,2017-10-16T10:12:36Z,72309,179,1,2026-03-05T02:51:23Z,,152,151
enaqx/awesome-react,2014-08-06T05:31:44Z,72244,794,0,2026-03-05T10:20:38Z,,119,117
vllm-project/vllm,2023-02-09T11:23:20Z,72093,14444,84,2026-03-05T12:07:51Z,Python,13840,12147
josephmisiti/awesome-machine-learning,2014-07-15T19:11:19Z,71844,902,0,2026-03-05T11:00:06Z,Python,98,97
openai/openai-cookbook,2022-03-11T02:08:53Z,71833,1008,0,2026-03-05T11:36:36Z,Jupyter Notebook,725,655
python/cpython,2017-02-10T19:23:51Z,71830,57223,0,2026-03-05T11:55:37Z,Python,75443,68285
abi/screenshot-to-code,2023-11-14T17:53:32Z,71785,71,0,2026-03-05T11:58:15Z,TypeScript,395,282
ocornut/imgui,2014-07-21T14:29:47Z,71730,418,118,2026-03-05T11:59:00Z,C++,6785,5746
PaddlePaddle/PaddleOCR,2020-05-08T10:38:16Z,71618,3119,29,2026-03-05T11:48:20Z,Python,10497,10270
PKUFlyingPig/cs-self-learning,2021-10-20T13:43:42Z,71614,315,5,2026-03-05T12:03:48Z,HTML,231,106
moby/moby,2013-01-18T18:10:57Z,71479,22353,273,2026-03-05T12:07:00Z,Go,23382,20113
strapi/strapi,2015-09-30T15:34:48Z,71470,9573,514,2026-03-05T12:08:00Z,TypeScript,11807,11229
pallets/flask,2010-04-06T11:11:59Z,71324,1627,38,2026-03-05T12:00:45Z,Python,2722,2722
obra/superpowers,2025-10-09T19:45:18Z,71314,39,2,2026-03-05T12:11:24Z,Shell,327,226
dair-ai/Prompt-Engineering-Guide,2022-12-16T16:04:50Z,71135,342,0,2026-03-05T11:56:02Z,MDX,240,74
apache/superset,2015-07-21T18:55:34Z,70810,16437,243,2026-03-05T12:03:47Z,TypeScript,12192,11542
protocolbuffers/protobuf,2014-08-26T15:52:15Z,70794,8730,208,2026-03-05T12:01:48Z,C++,6800,6673
obsproject/obs-studio,2013-10-01T02:40:31Z,70712,5421,236,2026-03-05T11:50:31Z,C,4919,4162
hakimel/reveal.js,2011-06-07T18:54:22Z,70665,413,49,2026-03-05T11:49:46Z,JavaScript,2490,1696
caddyserver/caddy,2015-01-13T19:45:03Z,70585,2266,133,2026-03-05T11:53:45Z,Go,4488,4293
binary-husky/gpt_academic,2023-03-20T09:05:13Z,70167,228,32,2026-03-05T12:04:02Z,Python,1756,1480
fffaraz/awesome-cpp,2014-07-17T08:51:11Z,70026,837,0,2026-03-05T10:21:45Z,,591,355
swiftlang/swift,2015-10-23T21:15:07Z,69842,58079,66,2026-03-05T11:03:07Z,C++,17477,10065
Eugeny/tabby,2016-12-23T09:06:10Z,69293,1512,204,2026-03-05T11:26:29Z,TypeScript,6029,3509
danielmiessler/SecLists,2012-02-19T01:30:18Z,69253,696,29,2026-03-05T11:45:56Z,PHP,317,308
nektos/act,2019-01-02T19:53:43Z,69146,1057,92,2026-03-05T12:06:06Z,Go,1317,1076
binhnguyennus/awesome-scalability,2017-12-27T03:46:40Z,68967,37,0,2026-03-05T12:01:42Z,,0,0
expressjs/express,2009-06-26T18:56:01Z,68865,522,164,2026-03-05T09:41:36Z,JavaScript,4030,3930
base/node,2023-02-01T13:55:02Z,68708,248,71,2026-03-05T09:16:09Z,Go,330,323
OpenHands/OpenHands,2024-03-13T03:33:31Z,68600,6428,99,2026-03-05T11:15:26Z,Python,3843,3673
AppFlowy-IO/AppFlowy,2021-06-16T12:56:48Z,68374,3894,127,2026-03-05T11:22:23Z,Dart,3899,2996
ansible/ansible,2012-03-06T14:58:02Z,68199,39670,207,2026-03-05T11:53:28Z,Python,33292,32754
hiyouga/LlamaFactory,2023-05-28T10:09:12Z,67918,898,35,2026-03-05T11:48:31Z,Python,7868,6967
chartjs/Chart.js,2013-03-17T23:56:36Z,67215,3016,117,2026-03-05T11:43:56Z,JavaScript,7301,6817
prakhar1989/awesome-courses,2014-11-15T18:36:49Z,66832,194,0,2026-03-05T11:40:13Z,,83,39
juliangarnier/anime,2016-03-13T21:37:45Z,66741,87,34,2026-03-05T09:36:26Z,JavaScript,835,750
leonardomso/33-js-concepts,2018-09-04T13:27:04Z,66260,262,0,2026-03-05T08:23:30Z,JavaScript,119,119
webpack/webpack,2012-03-10T10:08:14Z,66019,5558,448,2026-03-05T12:01:25Z,JavaScript,10150,10036
labmlai/annotated_deep_learning_paper_implementations,2020-08-25T02:29:34Z,65858,104,0,2026-03-05T08:50:08Z,Python,142,114
apache/echarts,2013-04-03T03:18:59Z,65842,1493,122,2026-03-05T10:46:09Z,TypeScript,19305,17661
xtekky/gpt4free,2023-03-29T17:00:43Z,65708,871,429,2026-03-05T12:08:21Z,Python,1994,1984
TapXWorld/ChinaTextbook,2020-01-05T04:11:06Z,65566,1,0,2026-03-05T11:54:50Z,Roff,161,76
NationalSecurityAgency/ghidra,2019-03-01T03:27:48Z,65379,553,52,2026-03-05T12:07:47Z,Java,5863,4322
lydiahallie/javascript-questions,2019-06-12T08:26:27Z,65296,328,0,2026-03-05T11:44:16Z,,252,233
scikit-learn/scikit-learn,2010-08-17T09:43:38Z,65294,14161,49,2026-03-05T11:06:21Z,Python,11980,10391
sindresorhus/awesome-nodejs,2014-07-11T13:35:34Z,65179,421,0,2026-03-05T12:11:09Z,,105,102
TheAlgorithms/Java,2016-07-16T10:21:02Z,65156,2266,0,2026-03-05T11:42:52Z,Java,1203,1177
kdn251/interviews,2017-02-14T18:19:25Z,64967,42,0,2026-03-05T11:14:55Z,Java,58,24
bradtraversy/design-resources-for-developers,2020-05-06T14:40:35Z,64956,967,0,2026-03-05T12:09:17Z,,111,109
kelseyhightower/nocode,2018-02-06T23:54:00Z,64916,1,1,2026-03-05T11:50:52Z,Dockerfile,4920,728
FoundationAgents/MetaGPT,2023-06-30T09:04:55Z,64787,673,22,2026-03-05T10:59:26Z,Python,905,889
chrislgarry/Apollo-11,2014-04-03T15:45:02Z,64635,355,0,2026-03-05T06:11:34Z,Assembly,387,330
localstack/localstack,2016-10-25T23:48:03Z,64558,6807,106,2026-03-05T10:38:48Z,Python,6174,5867
facebook/docusaurus,2017-06-20T16:13:53Z,64003,5620,154,2026-03-05T12:08:52Z,TypeScript,3400,3110
keras-team/keras,2015-03-28T00:35:42Z,63910,4654,86,2026-03-05T11:01:05Z,Python,12653,12461
toeverything/AFFiNE,2022-07-31T18:45:21Z,63573,9027,540,2026-03-05T11:47:57Z,TypeScript,3606,3107
openai/codex,2025-04-13T05:37:54Z,63191,4278,570,2026-03-05T12:08:14Z,Rust,6193,4824
prometheus/prometheus,2012-11-24T11:14:12Z,63048,8235,359,2026-03-05T11:48:47Z,Go,6386,5872
socketio/socket.io,2010-03-11T18:24:48Z,62925,440,82,2026-03-05T09:41:37Z,TypeScript,3650,3464
resume/resume.github.com,2011-02-06T13:39:55Z,62810,84,0,2026-03-05T09:42:12Z,JavaScript,126,66
alacritty/alacritty,2016-02-18T05:02:30Z,62801,1918,105,2026-03-05T11:45:04Z,Rust,6249,5928
OpenBB-finance/OpenBB,2020-12-20T10:46:38Z,62582,4215,54,2026-03-05T11:30:44Z,Python,2283,2247
openinterpreter/open-interpreter,2023-07-14T07:10:44Z,62529,384,48,2026-03-05T10:43:30Z,Python,1049,803
nocodb/nocodb,2017-10-29T18:51:48Z,62344,5822,183,2026-03-05T10:39:38Z,TypeScript,4495,4064
rust-lang/rustlings,2015-09-15T02:25:18Z,62046,922,46,2026-03-05T11:28:49Z,Rust,758,709
traefik/traefik,2015-09-13T19:04:02Z,62043,5072,506,2026-03-05T10:42:38Z,Go,6604,5934
daytonaio/daytona,2024-02-06T08:21:20Z,61971,1854,162,2026-03-05T12:09:36Z,TypeScript,1069,833
FuelLabs/sway,2021-01-19T20:54:33Z,61917,3638,185,2026-03-05T10:53:50Z,Rust,3264,2418
gorhill/uBlock,2015-04-01T17:51:11Z,61911,256,283,2026-03-05T11:44:02Z,JavaScript,3447,3434
ryanoasis/nerd-fonts,2014-12-05T04:31:17Z,61860,565,38,2026-03-05T12:10:32Z,CSS,1127,1079
lodash/lodash,2012-04-07T04:11:46Z,61580,614,2,2026-03-05T09:41:40Z,JavaScript,4338,4274
tldr-pages/tldr,2013-12-08T07:34:43Z,61543,17743,6,2026-03-05T11:48:27Z,Markdown,1684,1480
reduxjs/redux,2015-05-29T23:53:15Z,61440,1746,78,2026-03-05T10:22:03Z,TypeScript,2067,2030
unclecode/crawl4ai,2024-05-09T09:48:50Z,61395,163,13,2026-03-05T11:52:38Z,Python,932,751
affaan-m/everything-claude-code,2026-01-18T00:51:51Z,61035,87,9,2026-03-05T12:11:30Z,JavaScript,129,114
LadybirdBrowser/ladybird,2024-05-30T09:18:10Z,61011,5888,0,2026-03-05T11:54:09Z,C++,1472,926
atom/atom,2012-01-20T18:18:21Z,60990,3937,538,2026-03-05T10:56:04Z,JavaScript,17111,16148
xingshaocheng/architect-awesome,2018-04-06T13:30:58Z,60841,49,0,2026-03-04T09:18:12Z,,71,23
h5bp/Front-end-Developer-Interview-Questions,2012-02-09T23:34:10Z,60793,484,0,2026-03-05T12:04:29Z,Nunjucks,177,143
youngyangyang04/leetcode-master,2019-12-14T12:05:42Z,60578,2311,0,2026-03-05T11:26:56Z,Shell,277,68
scrapy/scrapy,2010-02-22T02:01:14Z,60577,2475,46,2026-03-05T11:40:53Z,Python,3241,2780
BurntSushi/ripgrep,2016-03-11T02:02:33Z,60544,544,74,2026-03-05T12:07:27Z,Rust,1767,1673
minio/minio,2015-01-14T19:23:58Z,60430,9882,521,2026-03-05T11:30:06Z,Go,7885,7840
commaai/openpilot,2016-11-24T01:33:30Z,60229,12642,61,2026-03-05T11:36:43Z,Python,3223,3042
adam-p/markdown-here,2012-05-13T03:27:22Z,60164,27,17,2026-03-05T11:39:57Z,JavaScript,634,333
jquery/jquery,2009-04-03T15:20:14Z,59853,867,13,2026-03-05T09:09:14Z,JavaScript,2381,2305
nuxt/nuxt,2016-10-26T11:18:47Z,59786,7465,274,2026-03-05T11:18:32Z,TypeScript,17160,16350
spring-projects/spring-framework,2010-12-08T04:04:45Z,59702,905,357,2026-03-05T10:43:50Z,Java,27885,27576
jgraph/drawio-desktop,2017-05-25T20:58:42Z,59668,22,169,2026-03-05T11:54:59Z,JavaScript,1738,1677
pathwaycom/pathway,2022-11-27T13:01:14Z,59517,19,84,2026-03-05T11:40:49Z,Python,140,113
CorentinJ/Real-Time-Voice-Cloning,2019-05-26T08:56:15Z,59497,50,0,2026-03-05T10:12:26Z,Python,1111,951
git/git,2008-07-23T14:21:26Z,59482,3,0,2026-03-05T10:54:18Z,C,0,0
shadowsocks/shadowsocks-windows,2013-01-14T07:54:16Z,59263,290,55,2026-03-05T09:34:31Z,C#,2915,2727
meta-llama/llama,2023-02-14T09:29:12Z,59192,54,0,2026-03-05T09:05:55Z,Python,1112,652
Solido/awesome-flutter,2017-05-07T11:45:27Z,59168,448,0,2026-03-05T11:50:57Z,Dart,0,0
topjohnwu/Magisk,2016-09-08T12:42:53Z,59064,1688,156,2026-03-05T11:04:43Z,Rust,6492,6453
Asabeneh/30-Days-Of-Python,2019-11-19T17:24:16Z,59031,137,0,2026-03-05T12:11:18Z,Python,142,84
angular/angular.js,2010-01-06T00:34:37Z,58924,790,0,2026-03-05T11:26:21Z,JavaScript,9033,8644
cline/cline,2024-07-06T07:28:10Z,58645,3243,239,2026-03-05T11:57:30Z,TypeScript,3417,2914
PlexPt/awesome-chatgpt-prompts-zh,2022-12-12T01:55:03Z,58538,33,0,2026-03-05T11:44:20Z,,97,59
rails/rails,2008-04-11T02:19:47Z,58339,25884,160,2026-03-05T10:22:21Z,Ruby,18481,17972
FiloSottile/mkcert,2018-06-25T05:33:03Z,58250,52,14,2026-03-05T11:44:16Z,Go,350,241
FFmpeg/FFmpeg,2011-04-14T14:12:38Z,57589,0,0,2026-03-05T11:57:16Z,C,0,0
sharkdp/bat,2018-04-21T10:52:23Z,57512,1577,43,2026-03-05T09:42:06Z,Rust,1580,1266
usememos/memos,2021-12-08T15:30:18Z,57488,1915,86,2026-03-05T11:48:50Z,Go,2824,2811
h5bp/html5-boilerplate,2010-01-24T18:03:24Z,57394,804,34,2026-03-05T09:38:40Z,JavaScript,1358,1353
FuelLabs/fuel-core,2020-08-27T21:12:14Z,57341,1615,124,2026-03-05T07:22:49Z,Rust,1154,996
withastro/astro,2021-03-15T17:19:47Z,57282,8235,1000,2026-03-05T11:44:26Z,TypeScript,5974,5785
pmndrs/zustand,2019-04-09T09:10:06Z,57244,888,101,2026-03-05T10:22:06Z,TypeScript,693,691
scutan90/DeepLearning-500-questions,2018-06-27T06:36:45Z,57179,302,0,2026-03-05T11:28:23Z,JavaScript,192,81
zylon-ai/private-gpt,2023-05-02T09:15:31Z,57147,226,10,2026-03-05T11:46:31Z,Python,1227,965
ultralytics/yolov5,2020-05-18T03:45:11Z,56931,2239,10,2026-03-05T11:28:40Z,Python,9440,9401
soimort/you-get,2012-08-20T15:53:36Z,56763,582,123,2026-03-05T11:21:07Z,Python,0,0
pocketbase/pocketbase,2022-07-05T06:06:21Z,56550,55,244,2026-03-05T09:21:53Z,Go,1952,1928
dani-garcia/vaultwarden,2018-02-17T22:40:20Z,56323,1080,78,2026-03-05T12:04:54Z,Rust,2562,2552
remix-run/react-router,2014-05-16T22:22:51Z,56279,3414,326,2026-03-05T09:41:46Z,TypeScript,8311,8197
pathwaycom/llm-app,2023-07-19T08:43:37Z,56215,49,0,2026-03-05T11:40:47Z,Jupyter Notebook,18,13
meilisearch/meilisearch,2018-04-23T11:45:28Z,56192,2335,299,2026-03-05T11:44:12Z,Rust,2393,2167
ageitgey/face_recognition,2017-03-03T21:52:39Z,56176,94,2,2026-03-05T06:48:37Z,Python,1378,598
rust-unofficial/awesome-rust,2014-07-17T10:45:10Z,55981,1694,0,2026-03-05T11:40:19Z,Rust,143,133
pi-hole/pi-hole,2014-06-08T15:02:55Z,55969,2171,123,2026-03-05T09:18:41Z,Shell,3126,3095
gatsbyjs/gatsby,2015-05-21T22:43:05Z,55946,18249,158,2026-03-05T11:07:49Z,JavaScript,14130,13914
rclone/rclone,2014-03-16T16:19:57Z,55859,2305,121,2026-03-05T11:03:10Z,Go,5967,5034
azl397985856/leetcode,2018-03-30T09:13:51Z,55818,257,40,2026-03-05T08:17:16Z,JavaScript,256,248
Textualize/rich,2019-11-10T15:28:09Z,55683,860,175,2026-03-05T12:05:14Z,Python,1480,1264
Mintplex-Labs/anything-llm,2023-06-04T02:29:14Z,55610,1295,25,2026-03-05T12:09:07Z,JavaScript,3216,2940
wasabeef/awesome-android-ui,2014-12-24T01:45:03Z,55566,90,0,2026-03-05T12:02:47Z,,115,94
opendatalab/MinerU,2024-02-29T08:52:34Z,55527,1317,143,2026-03-05T12:07:28Z,Python,2093,1903
RVC-Boss/GPT-SoVITS,2024-01-14T18:05:21Z,55501,355,4,2026-03-05T11:19:52Z,Python,2008,1232
tiimgreen/github-cheat-sheet,2014-04-12T16:38:42Z,55497,129,0,2026-03-05T12:02:50Z,,75,49
golang-standards/project-layout,2017-09-09T16:33:26Z,55496,94,0,2026-03-05T04:07:43Z,Makefile,115,44
AntonOsika/gpt-engineer,2023-04-29T12:52:15Z,55212,351,21,2026-03-05T09:42:29Z,Python,501,470
microsoft/autogen,2023-08-18T11:43:45Z,55184,2534,98,2026-03-05T11:51:01Z,Python,2940,2494
Z4nzu/hackingtool,2020-04-11T09:21:31Z,55161,57,0,2026-03-05T09:50:20Z,Python,392,322
appwrite/appwrite,2019-04-08T16:36:25Z,55018,4447,120,2026-03-05T12:07:11Z,TypeScript,4297,3756
FoundationAgents/OpenManus,2025-03-06T14:08:14Z,55016,115,3,2026-03-05T12:11:59Z,Python,741,388
deepfakes/faceswap,2017-12-19T09:44:13Z,55011,363,5,2026-03-05T09:47:24Z,Python,898,896
docling-project/docling,2024-07-09T07:50:26Z,54944,737,155,2026-03-05T12:07:15Z,Python,1629,817
starship/starship,2019-04-02T03:23:12Z,54539,3060,138,2026-03-05T11:53:32Z,Rust,2629,1853
lencx/ChatGPT,2022-12-07T09:43:02Z,54377,123,34,2026-03-05T11:22:05Z,Rust,1253,368
marktext/marktext,2017-11-12T16:05:25Z,54210,944,36,2026-03-05T11:55:36Z,JavaScript,3002,1654
ElemeFE/element,2016-09-03T06:19:26Z,54207,3231,145,2026-03-05T08:55:22Z,Vue,17894,15249
karpathy/nanoGPT,2022-12-28T00:51:12Z,54165,45,0,2026-03-05T12:06:47Z,Python,353,114
go-gitea/gitea,2016-11-01T02:13:26Z,54091,18514,224,2026-03-05T11:18:53Z,Go,15436,12818
maybe-finance/maybe,2024-01-01T22:23:46Z,54048,1073,28,2026-03-05T12:08:31Z,Ruby,0,0
ultralytics/ultralytics,2022-09-11T16:39:45Z,53955,4236,347,2026-03-05T11:52:36Z,Python,12487,12351
psf/requests,2011-02-13T18:38:17Z,53856,1618,14,2026-03-05T09:07:46Z,Python,4127,3941
necolas/normalize.css,2011-05-04T10:20:25Z,53755,56,0,2026-03-04T03:51:44Z,CSS,517,470
laurent22/joplin,2017-01-16T21:49:41Z,53736,5229,400,2026-03-05T11:35:40Z,TypeScript,7758,7177
facebookresearch/segment-anything,2023-03-23T17:03:03Z,53567,16,0,2026-03-05T10:59:22Z,Jupyter Notebook,717,182
wagoodman/dive,2018-05-13T15:44:01Z,53480,164,28,2026-03-05T11:44:09Z,Go,373,205
unslothai/unsloth,2023-11-29T16:50:09Z,53330,775,23,2026-03-05T12:05:32Z,Python,2973,2112
romkatv/powerlevel10k,2019-02-24T19:09:45Z,53205,168,33,2026-03-05T11:26:51Z,Shell,2603,2488
vuejs/core,2018-06-12T13:49:36Z,53138,3638,268,2026-03-05T10:30:15Z,TypeScript,5954,5303
ngosang/trackerslist,2016-04-24T11:57:57Z,53091,1,0,2026-03-05T09:40:36Z,,509,501
microsoft/ai-agents-for-beginners,2024-11-28T10:42:52Z,53038,317,0,2026-03-05T12:02:13Z,Jupyter Notebook,86,86
google/material-design-icons,2014-10-08T18:01:28Z,52939,50,16,2026-03-05T07:49:10Z,,1563,1177
mozilla/pdf.js,2011-04-26T06:32:03Z,52927,8458,83,2026-03-05T11:21:04Z,JavaScript,10422,9992
firstcontributions/first-contributions,2016-09-20T14:35:09Z,52841,94632,0,2026-03-05T11:43:22Z,,1365,1328
WerWolv/ImHex,2020-11-10T14:27:00Z,52777,725,82,2026-03-05T11:56:48Z,C++,1556,1252
Zie619/n8n-workflows,2025-05-14T08:43:59Z,52515,34,1,2026-03-05T12:07:08Z,Python,98,80
JetBrains/kotlin,2012-02-13T17:29:58Z,52417,2134,284,2026-03-05T11:25:09Z,Kotlin,0,0
ionic-team/ionic-framework,2013-08-20T23:06:02Z,52382,6516,930,2026-03-05T10:49:25Z,TypeScript,22139,21544
cloudcommunity/Free-Certifications,2020-07-31T10:26:19Z,52301,115,0,2026-03-05T12:02:52Z,,65,19
sickcodes/Docker-OSX,2020-06-04T11:01:37Z,52227,109,0,2026-03-05T07:38:28Z,Shell,681,287
TryGhost/Ghost,2013-05-04T11:09:13Z,51962,15679,953,2026-03-05T11:59:56Z,JavaScript,7219,7153
typst/typst,2019-09-24T21:41:56Z,51788,2233,27,2026-03-05T10:12:48Z,Rust,4056,2958
PowerShell/PowerShell,2016-01-13T23:41:35Z,51741,8063,193,2026-03-05T10:36:26Z,C#,13321,12138
prettier/prettier,2016-11-29T17:13:37Z,51727,9665,134,2026-03-05T09:55:14Z,JavaScript,7179,5980
2dust/v2rayNG,2019-05-15T02:15:31Z,51704,541,282,2026-03-05T12:02:18Z,Kotlin,3689,3684
etcd-io/etcd,2013-07-06T21:57:21Z,51612,10220,272,2026-03-05T11:23:19Z,Go,7120,7007
xai-org/grok-1,2024-03-17T08:53:38Z,51532,5,0,2026-03-05T11:54:16Z,Python,0,0
termux/termux-app,2015-10-23T09:42:46Z,51504,177,95,2026-03-05T12:06:27Z,Java,3024,2592
google/guava,2014-05-29T16:23:17Z,51478,1195,57,2026-03-05T11:26:04Z,Java,3648,3029
vsouza/awesome-ios,2014-07-10T16:03:45Z,51459,2240,0,2026-03-05T11:40:45Z,Swift,494,490
jekyll/jekyll,2008-10-20T06:29:03Z,51420,3197,112,2026-03-05T10:22:22Z,Ruby,4925,4798
coollabsio/coolify,2021-01-25T20:54:01Z,51388,2302,665,2026-03-05T12:01:44Z,PHP,3463,2883
Semantic-Org/Semantic-UI,2013-04-08T23:32:04Z,51142,356,154,2026-03-05T08:31:05Z,JavaScript,6235,5269
chinese-poetry/chinese-poetry,2016-09-02T03:32:25Z,51020,137,1,2026-03-05T08:08:29Z,JavaScript,213,92
DefinitelyTyped/DefinitelyTyped,2012-10-05T16:39:45Z,51009,52948,1,2026-03-05T01:41:02Z,TypeScript,8109,7543
agalwood/Motrix,2018-12-18T11:45:05Z,50976,192,21,2026-03-05T10:57:19Z,JavaScript,1354,597
ethereum/go-ethereum,2013-12-26T13:05:46Z,50893,8779,228,2026-03-05T03:48:56Z,Go,8635,8448
justjavac/awesome-wechat-weapp,2016-09-22T20:04:48Z,50575,278,0,2026-03-05T08:54:36Z,,0,0
poteto/hiring-without-whiteboards,2017-03-15T05:09:01Z,50472,1309,0,2026-03-05T11:44:08Z,JavaScript,0,0
charlax/professional-programming,2015-11-07T05:07:52Z,50416,43,0,2026-03-05T11:44:03Z,Python,32,32
FlowiseAI/Flowise,2023-03-31T12:23:09Z,50369,1569,80,2026-03-05T11:44:51Z,TypeScript,2506,1870
dockur/windows,2024-01-14T13:09:40Z,50220,518,119,2026-03-05T12:01:18Z,Shell,981,881
jgthms/bulma,2016-01-23T23:48:34Z,50055,646,22,2026-03-05T11:19:40Z,CSS,2743,2403
jesseduffield/lazydocker,2019-05-18T08:53:50Z,49981,191,45,2026-03-05T11:59:15Z,Go,397,204
harry0703/MoneyPrinterTurbo,2024-03-11T02:57:34Z,49944,145,9,2026-03-05T11:35:53Z,Python,618,400
Avik-Jain/100-Days-Of-ML-Code,2018-07-05T09:11:43Z,49757,6,0,2026-03-05T11:53:26Z,,0,0
mastodon/mastodon,2016-02-22T15:01:25Z,49704,19150,327,2026-03-05T11:21:13Z,Ruby,12736,8545
cypress-io/cypress,2015-03-04T00:46:28Z,49595,8071,387,2026-03-05T09:41:51Z,TypeScript,15320,14118
NARKOZ/hacker-scripts,2015-11-21T19:05:09Z,49429,63,0,2026-03-05T07:51:46Z,JavaScript,104,68
odoo/odoo,2014-05-13T15:38:58Z,49316,6182,0,2026-03-05T12:06:20Z,Python,18814,15253
lyswhut/lx-music-desktop,2019-08-14T14:31:08Z,49135,88,112,2026-03-05T11:52:43Z,TypeScript,2353,1275
dkhamsing/open-source-ios-apps,2015-01-26T23:32:34Z,49105,1542,37,2026-03-05T11:58:50Z,,333,333
AlistGo/alist,2020-12-23T17:40:29Z,49105,899,143,2026-03-05T12:08:40Z,Go,4433,3890
jellyfin/jellyfin,2018-12-09T06:36:45Z,49062,5175,102,2026-03-05T10:50:10Z,C#,8189,7557
nlohmann/json,2013-07-04T08:47:49Z,49026,1007,45,2026-03-05T11:43:57Z,C++,2367,2330
dbeaver/dbeaver,2015-10-21T08:26:28Z,48949,6726,243,2026-03-05T12:01:21Z,Java,20010,16845
huginn/huginn,2013-03-10T06:00:31Z,48809,1056,1,2026-03-05T09:41:42Z,Ruby,2179,1576
mem0ai/mem0,2023-06-20T08:58:36Z,48799,1819,273,2026-03-05T12:06:11Z,Python,1396,938
TanStack/query,2019-09-10T19:23:58Z,48700,3200,1000,2026-03-05T11:31:44Z,TypeScript,2273,2203
iamkun/dayjs,2018-04-10T09:26:44Z,48578,715,125,2026-03-05T11:32:51Z,JavaScript,1825,867
ChrisTitusTech/winutil,2022-04-28T02:25:19Z,48564,1065,34,2026-03-05T12:03:06Z,PowerShell,2146,2141
JuliaLang/julia,2011-04-21T07:01:50Z,48529,26877,195,2026-03-05T11:43:41Z,Julia,25835,21990
ReactiveX/RxJava,2013-01-08T20:11:48Z,48489,3377,243,2026-03-05T09:46:41Z,Java,3181,3167
algorithm-visualizer/algorithm-visualizer,2016-05-15T00:27:45Z,48373,183,0,2026-03-05T06:06:52Z,JavaScript,123,76
moment/moment,2011-03-01T02:46:06Z,48059,714,0,2026-03-04T19:18:28Z,JavaScript,4166,3915
pandas-dev/pandas,2010-08-24T01:37:33Z,48058,27962,118,2026-03-05T11:40:50Z,Python,28153,24713
sansan0/TrendRadar,2025-04-28T11:42:16Z,48030,1,0,2026-03-05T12:05:19Z,Python,396,361
hashicorp/terraform,2014-03-13T22:25:48Z,47874,13203,403,2026-03-05T09:41:46Z,Go,21614,19844
x64dbg/x64dbg,2015-04-11T20:48:23Z,47830,774,4,2026-03-05T09:01:08Z,C++,2686,2110
lllyasviel/Fooocus,2023-08-09T18:43:40Z,47806,448,21,2026-03-05T11:44:37Z,Python,1642,1419
type-challenges/type-challenges,2020-07-23T14:33:11Z,47775,600,0,2026-03-05T10:58:10Z,TypeScript,37045,3998
upstash/context7,2025-03-26T23:40:39Z,47775,263,49,2026-03-05T12:11:38Z,TypeScript,1662,1520
expo/expo,2016-08-15T17:14:25Z,47718,20618,0,2026-03-05T12:04:35Z,TypeScript,18125,17794
serhii-londar/open-source-mac-os-apps,2017-11-03T02:35:33Z,47700,614,0,2026-03-05T11:26:12Z,,219,210
kelseyhightower/kubernetes-the-hard-way,2016-07-07T14:15:27Z,47645,73,0,2026-03-05T12:02:19Z,,438,416
minimaxir/big-list-of-naughty-strings,2015-08-08T20:57:20Z,47608,89,0,2026-03-05T09:56:20Z,Python,101,32
kamranahmedse/design-patterns-for-humans,2017-02-16T21:24:39Z,47606,50,0,2026-03-05T11:09:07Z,,52,47
bigskysoftware/htmx,2020-04-13T16:17:51Z,47557,1049,27,2026-03-05T11:53:41Z,JavaScript,1671,1068
gogs/gogs,2014-02-12T01:57:08Z,47544,1869,96,2026-03-05T08:53:22Z,Go,5176,4254
skylot/jadx,2013-03-18T17:08:21Z,47510,621,34,2026-03-05T11:48:06Z,Java,2050,1635
karan/Projects,2013-07-04T13:37:27Z,47450,19,0,2026-03-05T04:55:08Z,,92,37
run-llama/llama_index,2022-11-02T04:24:54Z,47382,7639,425,2026-03-05T11:28:19Z,Python,6932,6715
freqtrade/freqtrade,2017-05-17T23:48:53Z,47377,6325,110,2026-03-05T11:50:42Z,Python,5558,5528
ggml-org/whisper.cpp,2022-09-25T18:26:37Z,47234,932,31,2026-03-05T12:05:32Z,C++,1870,873
akullpp/awesome-java,2014-07-09T10:12:43Z,47204,733,0,2026-03-05T10:20:58Z,,139,136
1c7/chinese-independent-developer,2017-09-21T11:08:23Z,47006,411,0,2026-03-05T11:01:23Z,,241,239
typescript-cheatsheets/react,2018-06-02T04:08:16Z,46982,375,0,2026-03-05T10:01:26Z,JavaScript,224,224
brillout/awesome-react-components,2016-06-24T15:19:33Z,46964,343,0,2026-03-05T11:53:15Z,,56,45
serverless/serverless,2015-04-21T03:48:40Z,46944,4849,480,2026-03-05T09:41:52Z,JavaScript,6598,5481
jakevdp/PythonDataScienceHandbook,2016-08-10T14:24:36Z,46943,28,0,2026-03-05T08:37:26Z,Jupyter Notebook,208,79
v2ray/v2ray-core,2015-09-04T11:42:53Z,46926,203,247,2026-03-05T03:46:53Z,Go,2596,2593
square/okhttp,2012-07-23T13:42:55Z,46910,3965,0,2026-03-05T11:51:48Z,Kotlin,4246,4180
slab/quill,2012-07-30T23:23:18Z,46910,382,95,2026-03-05T10:58:17Z,TypeScript,3821,3269
Homebrew/brew,2016-03-06T05:08:38Z,46835,13794,473,2026-03-05T11:26:08Z,Ruby,4995,4987
pixijs/pixijs,2013-01-21T22:40:50Z,46681,3800,303,2026-03-05T07:28:08Z,TypeScript,6071,5798
GokuMohandas/Made-With-ML,2018-11-05T03:44:27Z,46602,147,1,2026-03-05T12:05:12Z,Jupyter Notebook,77,59
discourse/discourse,2013-01-12T00:25:55Z,46494,33381,0,2026-03-05T11:45:51Z,Ruby,0,0
tw93/Pake,2022-10-14T09:32:57Z,46436,110,41,2026-03-05T12:13:10Z,Rust,474,473
OpenCut-app/OpenCut,2025-06-22T08:02:17Z,46362,187,2,2026-03-05T11:44:47Z,TypeScript,249,85
metabase/metabase,2015-02-02T19:25:47Z,46299,39452,733,2026-03-05T11:58:12Z,Clojure,24363,20719
DovAmir/awesome-design-patterns,2018-06-04T17:47:48Z,46280,30,0,2026-03-05T11:55:57Z,,16,5
makeplane/plane,2022-11-19T12:55:01Z,46240,6275,53,2026-03-05T11:56:12Z,TypeScript,1564,963
ClickHouse/ClickHouse,2016-06-02T08:28:18Z,46187,59025,745,2026-03-05T12:06:54Z,C++,27416,22857
ziishaned/learn-regex,2017-07-22T12:21:03Z,46162,132,0,2026-03-05T11:53:10Z,,87,36
Asabeneh/30-Days-Of-JavaScript,2019-12-23T14:07:40Z,46153,100,0,2026-03-05T10:37:15Z,JavaScript,178,60
oobabooga/text-generation-webui,2022-12-21T04:17:37Z,46142,1235,92,2026-03-05T12:11:47Z,Python,4097,1455
dypsilon/frontend-dev-bookmarks,2013-06-22T13:23:55Z,46127,129,1,2026-03-05T11:26:02Z,,109,82
virattt/ai-hedge-fund,2024-11-29T16:30:01Z,46125,40,0,2026-03-05T11:58:11Z,Python,230,203
astral-sh/ruff,2022-08-09T17:17:44Z,46107,13586,401,2026-03-05T11:38:50Z,Rust,7794,6155
acmesh-official/acme.sh,2015-12-26T12:56:33Z,45859,1511,46,2026-03-05T11:07:23Z,Shell,3511,2387
microsoft/AI-For-Beginners,2021-03-03T16:27:36Z,45837,289,0,2026-03-05T11:15:00Z,Jupyter Notebook,149,148
microsoft/monaco-editor,2016-06-07T16:56:31Z,45670,558,187,2026-03-05T11:05:25Z,JavaScript,3965,3229
tldraw/tldraw,2021-05-09T11:48:37Z,45650,4424,101,2026-03-05T12:12:45Z,TypeScript,2151,1877
android/architecture-samples,2016-02-05T13:42:07Z,45593,232,0,2026-03-04T17:19:59Z,Kotlin,491,349
ghostty-org/ghostty,2022-03-29T17:38:26Z,45477,3602,1,2026-03-05T12:04:46Z,Zig,2014,1888
GitHubDaily/GitHubDaily,2018-12-30T13:56:58Z,45452,3,0,2026-03-05T11:37:45Z,,711,181
prisma/prisma,2019-06-20T13:33:47Z,45448,6747,242,2026-03-05T11:35:09Z,TypeScript,11823,9435
LeCoupa/awesome-cheatsheets,2017-11-09T02:47:15Z,45447,171,0,2026-03-05T09:38:43Z,JavaScript,100,59
jeecgboot/JeecgBoot,2018-11-26T10:40:00Z,45337,126,68,2026-03-05T11:21:36Z,Java,8154,8116
ColorlibHQ/AdminLTE,2013-12-25T02:52:40Z,45317,1565,77,2026-03-05T03:12:57Z,CSS,2907,2769
jestjs/jest,2013-12-10T00:18:04Z,45307,5774,213,2026-03-05T09:41:45Z,TypeScript,8178,7971
google/zx,2021-05-05T05:50:01Z,45243,603,100,2026-03-05T09:19:19Z,JavaScript,511,492
coreybutler/nvm-windows,2014-09-20T16:37:28Z,45225,107,23,2026-03-05T11:21:58Z,Go,950,875
crewAIInc/crewAI,2023-10-27T03:26:59Z,45179,1391,141,2026-03-05T11:50:25Z,Python,1764,1689
bevyengine/bevy,2020-01-18T21:13:55Z,44888,7483,53,2026-03-05T11:05:50Z,Rust,8010,5351
NanmiCoder/MediaCrawler,2023-06-09T12:14:34Z,44870,132,0,2026-03-05T11:59:43Z,Python,567,435
isocpp/CppCoreGuidelines,2015-08-19T20:22:52Z,44814,824,4,2026-03-05T11:43:49Z,CSS,1229,985
RocketChat/Rocket.Chat,2015-05-19T07:36:09Z,44812,15678,1000,2026-03-05T10:53:20Z,TypeScript,16808,14495
meteor/meteor,2012-01-19T01:58:17Z,44779,2662,0,2026-03-05T08:17:32Z,JavaScript,9256,9020
KRTirtho/spotube,2021-02-14T03:17:58Z,44742,257,43,2026-03-05T11:44:26Z,Dart,2023,1304
coqui-ai/TTS,2020-05-20T15:45:28Z,44718,467,98,2026-03-05T09:19:53Z,Python,1229,1225
vercel/hyper,2016-07-01T06:01:21Z,44696,3291,88,2026-03-05T10:54:11Z,TypeScript,3821,2874
slidevjs/slidev,2021-04-24T01:25:23Z,44633,804,419,2026-03-05T11:25:25Z,TypeScript,1295,1139
Leaflet/Leaflet,2010-09-22T16:57:44Z,44592,3237,34,2026-03-05T11:43:54Z,JavaScript,5342,4943
penpot/penpot,2015-12-29T22:09:07Z,44587,5511,69,2026-03-05T11:44:39Z,Clojure,2170,1625
gedoor/legado,2019-05-22T04:18:58Z,44561,1139,115,2026-03-05T11:29:49Z,Kotlin,3199,3171
react-hook-form/react-hook-form,2019-03-05T23:47:10Z,44561,2141,600,2026-03-05T11:56:05Z,TypeScript,4926,4841
karpathy/nanochat,2025-10-13T13:46:35Z,44535,73,0,2026-03-05T11:18:40Z,Python,116,102
apache/airflow,2015-04-13T18:04:58Z,44492,34153,114,2026-03-05T11:52:21Z,Python,13883,12533
grpc/grpc,2014-12-08T18:58:53Z,44442,20506,364,2026-03-05T11:47:47Z,C++,11916,11223
GitSquared/edex-ui,2017-01-28T09:35:02Z,44372,399,29,2026-03-05T08:53:39Z,JavaScript,559,553
pyenv/pyenv,2012-08-31T06:57:52Z,44356,1039,150,2026-03-05T12:12:11Z,Shell,1882,1832
sudheerj/reactjs-interview-questions,2018-05-31T17:17:01Z,44316,170,0,2026-03-05T11:32:40Z,JavaScript,113,109
docker/awesome-compose,2020-02-13T08:51:42Z,44231,149,0,2026-03-05T11:40:59Z,HTML,140,43
astaxie/build-web-application-with-golang,2012-08-02T11:49:35Z,44159,757,0,2026-03-05T07:28:28Z,Go,306,183
parcel-bundler/parcel,2017-08-07T16:36:47Z,44049,2600,52,2026-03-05T09:42:03Z,JavaScript,5521,5052
NaiboWang/EasySpider,2020-07-18T02:41:27Z,44023,44,10,2026-03-05T11:54:48Z,JavaScript,757,495
iina/iina,2016-12-19T07:18:45Z,43976,882,47,2026-03-05T12:05:01Z,Swift,4376,2506
streamich/react-use,2018-10-27T10:16:05Z,43948,1533,256,2026-03-05T08:10:29Z,TypeScript,609,245
square/retrofit,2010-09-06T21:39:43Z,43901,1342,4,2026-03-05T11:10:39Z,HTML,2764,2637
lukasz-madon/awesome-remote-job,2015-01-02T00:31:34Z,43899,593,0,2026-03-05T12:08:21Z,,89,75
babel/babel,2014-09-28T13:38:23Z,43894,6542,452,2026-03-05T10:30:29Z,TypeScript,9056,8463
yangshun/front-end-interview-handbook,2018-01-13T19:40:08Z,43869,350,0,2026-03-05T10:57:25Z,MDX,102,91
aymericdamien/TensorFlow-Examples,2015-11-11T14:21:19Z,43799,88,0,2026-03-05T06:49:52Z,Jupyter Notebook,238,71
streamlit/streamlit,2019-08-24T00:14:52Z,43744,6851,116,2026-03-05T12:09:18Z,Python,5781,4654
upscayl/upscayl,2022-07-30T17:19:20Z,43727,0,29,2026-03-05T11:44:31Z,TypeScript,1035,979
SimplifyJobs/Summer2026-Internships,2020-05-23T20:53:18Z,43668,1674,0,2026-03-05T12:01:19Z,Python,7246,7245
AykutSarac/jsoncrack.com,2022-01-30T15:25:18Z,43409,89,22,2026-03-05T11:27:04Z,TypeScript,281,246
FuelLabs/fuels-rs,2021-10-31T22:33:54Z,43403,908,120,2026-03-05T07:22:45Z,Rust,663,613
spf13/cobra,2013-09-03T20:40:26Z,43388,626,27,2026-03-05T12:12:37Z,Go,1238,997
FuelLabs/fuels-ts,2021-09-03T18:11:03Z,43357,1979,156,2026-03-05T08:25:54Z,TypeScript,1457,1400
zhongyang219/TrafficMonitor,2017-07-30T02:51:17Z,43280,67,26,2026-03-05T09:31:44Z,C++,1976,729
getsentry/sentry,2010-08-30T22:06:41Z,43275,81798,163,2026-03-05T11:50:01Z,Python,16716,14831
mudler/LocalAI,2023-03-18T22:58:02Z,43259,4932,97,2026-03-05T11:58:37Z,Go,1278,1157
helix-editor/helix,2020-06-01T04:26:56Z,43234,4613,30,2026-03-05T10:45:57Z,Rust,5736,4729
milvus-io/milvus,2019-09-16T06:43:43Z,43142,24810,153,2026-03-05T11:53:47Z,Go,15199,14362
Unitech/pm2,2013-05-21T03:25:25Z,42968,558,134,2026-03-04T23:33:41Z,JavaScript,5118,4103
9001/copyparty,2019-05-26T15:28:33Z,42947,169,336,2026-03-05T11:47:06Z,Python,854,642
apache/spark,2014-02-25T08:00:08Z,42928,9,0,2026-03-05T10:12:37Z,Scala,13,3
Light-City/CPlusPlusThings,2019-07-14T08:45:45Z,42925,72,0,2026-03-05T10:54:50Z,C++,230,218
cli/cli,2019-10-03T15:24:53Z,42918,2814,189,2026-03-05T12:11:40Z,Go,5779,4877
Kong/kong,2014-11-17T23:56:08Z,42880,6501,145,2026-03-05T09:36:19Z,Lua,4590,4532
ziglang/zig,2015-08-06T00:51:28Z,42828,9540,21,2026-03-05T09:41:53Z,Zig,13518,10186
faif/python-patterns,2012-06-06T21:02:35Z,42773,289,0,2026-03-05T10:06:00Z,Python,97,85
alex/what-happens-when,2013-11-07T04:30:06Z,42773,108,0,2026-03-05T11:49:52Z,,296,54
tmux/tmux,2015-06-03T23:32:55Z,42585,2,39,2026-03-05T12:02:39Z,C,3897,3862
mitmproxy/mitmproxy,2010-02-16T04:10:13Z,42517,2730,79,2026-03-05T12:08:45Z,Python,3641,3277
k88hudson/git-flight-rules,2014-07-22T20:35:09Z,42484,226,0,2026-03-05T05:10:17Z,,73,57
bannedbook/fanqiang,2015-01-14T00:34:25Z,42449,3,3,2026-03-05T10:53:30Z,Kotlin,812,485
jgm/pandoc,2010-03-20T20:34:23Z,42402,1760,153,2026-03-05T12:03:37Z,Haskell,8180,7214
hiroi-sora/Umi-OCR,2022-03-28T04:01:46Z,42383,58,31,2026-03-05T11:40:19Z,Python,840,517
DIYgod/RSSHub,2018-04-02T14:43:21Z,42377,12099,0,2026-03-05T11:46:12Z,TypeScript,6319,5960
Alamofire/Alamofire,2014-07-31T05:56:19Z,42356,664,104,2026-03-05T10:02:20Z,Swift,2812,2779
files-community/Files,2019-01-04T18:19:14Z,42268,5504,130,2026-03-05T11:49:18Z,C#,11065,10556
exo-explore/exo,2024-06-24T18:36:22Z,42089,599,13,2026-03-05T12:06:58Z,Python,730,624
apachecn/ailearning,2017-02-25T08:53:02Z,42086,478,2,2026-03-05T09:40:13Z,Python,116,113
mingrammer/diagrams,2020-02-02T15:23:24Z,42056,341,46,2026-03-05T10:08:47Z,Python,539,224
colinhacks/zod,2020-03-07T20:59:08Z,42043,975,201,2026-03-05T11:44:20Z,TypeScript,3008,2844
sharkdp/fd,2017-05-09T21:27:10Z,41922,708,41,2026-03-05T11:54:20Z,Rust,950,817
gradio-app/gradio,2018-12-19T08:24:04Z,41921,5354,1000,2026-03-05T11:08:21Z,Python,6464,6023
zhayujie/chatgpt-on-wechat,2022-08-07T08:33:41Z,41896,286,66,2026-03-05T11:57:18Z,Python,2023,1715
fastapi/full-stack-fastapi-template,2019-02-23T15:08:34Z,41865,621,12,2026-03-05T11:30:22Z,TypeScript,436,436
nolimits4web/swiper,2012-03-14T19:11:45Z,41800,619,94,2026-03-05T11:43:55Z,JavaScript,5809,5575
deepspeedai/DeepSpeed,2020-01-23T18:35:18Z,41741,2945,106,2026-03-05T12:11:15Z,Python,3310,2156
apache/dubbo,2012-06-19T07:56:02Z,41698,6023,113,2026-03-05T07:22:21Z,Java,7367,6562
siyuan-note/siyuan,2020-08-30T09:21:35Z,41669,683,878,2026-03-05T11:20:20Z,TypeScript,16199,15860
byoungd/English-level-up-tips,2017-05-30T07:18:52Z,41616,26,0,2026-03-05T12:10:07Z,,106,78
ray-project/ray,2016-10-25T19:38:30Z,41596,30078,122,2026-03-05T12:08:44Z,Python,22412,19492
nwjs/nw.js,2012-01-04T06:21:10Z,41564,576,0,2026-03-05T04:08:27Z,JavaScript,7434,6483
yarnpkg/yarn,2016-01-19T17:39:16Z,41533,1655,153,2026-03-04T17:22:36Z,JavaScript,6615,4740
Aider-AI/aider,2023-05-09T18:57:49Z,41490,284,93,2026-03-05T11:42:52Z,Python,3973,2807
dcloudio/uni-app,2018-07-12T08:52:39Z,41442,554,0,2026-03-05T11:54:58Z,JavaScript,5053,4387
psf/black,2018-03-14T19:54:45Z,41414,1724,51,2026-03-05T11:01:45Z,Python,2777,2483
usebruno/bruno,2022-09-27T20:51:45Z,41408,2054,160,2026-03-05T12:11:33Z,JavaScript,3895,2430
dylanaraps/pure-bash-bible,2018-06-13T01:39:33Z,41397,28,0,2026-03-05T10:56:52Z,Shell,77,33
logseq/logseq,2020-05-23T00:06:06Z,41369,3133,152,2026-03-05T11:53:21Z,Clojure,8097,7135
hpcaitech/ColossalAI,2021-10-28T16:19:44Z,41364,3705,50,2026-03-05T09:33:51Z,Python,1741,1299
hexojs/hexo,2012-09-23T15:17:08Z,41278,975,117,2026-03-05T09:41:41Z,TypeScript,3993,3918
zai-org/ChatGLM-6B,2023-03-13T12:00:18Z,41224,49,0,2026-03-05T08:32:47Z,Python,1312,751
ccxt/ccxt,2017-05-14T15:41:56Z,41198,14188,215,2026-03-05T11:08:28Z,Python,11300,10501
bailicangdu/vue2-elm,2016-12-23T01:49:20Z,41166,21,0,2026-03-04T02:33:31Z,Vue,631,512
fastlane/fastlane,2014-12-02T17:00:38Z,41123,6343,560,2026-03-05T10:41:21Z,Ruby,13260,12592
karanpratapsingh/system-design,2022-08-15T18:59:54Z,41087,12,0,2026-03-05T11:45:23Z,,23,21
curl/curl,2010-03-18T22:32:22Z,41058,203,94,2026-03-05T11:26:23Z,C,5377,5365
chubin/cheat.sh,2017-05-07T21:40:56Z,41049,129,0,2026-03-05T07:30:54Z,Python,265,135
styled-components/styled-components,2016-08-16T06:41:32Z,41027,995,189,2026-03-05T00:36:30Z,TypeScript,2985,2676
payloadcms/payload,2021-01-05T18:49:45Z,41001,6750,559,2026-03-05T12:00:53Z,TypeScript,4379,4108
vuetifyjs/vuetify,2016-09-12T00:39:35Z,40974,4661,641,2026-03-05T09:41:58Z,TypeScript,15275,14796
ComposioHQ/awesome-claude-skills,2025-10-17T07:15:01Z,40938,20,0,2026-03-05T12:11:20Z,Python,56,3
juspay/hyperswitch,2022-10-17T11:18:28Z,40874,6521,152,2026-03-05T12:13:23Z,Rust,3465,2509
janhq/jan,2023-08-17T02:17:10Z,40845,3416,97,2026-03-05T11:21:06Z,TypeScript,3313,3074
tabler/tabler,2018-02-01T09:08:59Z,40815,787,51,2026-03-05T12:05:34Z,HTML,1150,1063
CherryHQ/cherry-studio,2024-05-24T01:56:26Z,40785,3019,246,2026-03-05T11:56:26Z,TypeScript,8639,8163
LC044/WeChatMsg,2023-01-11T05:03:49Z,40596,62,0,2026-03-05T11:17:20Z,,0,0
Raphire/Win11Debloat,2020-10-27T22:26:59Z,40579,57,23,2026-03-05T11:32:47Z,PowerShell,283,249
jingyaogong/minimind,2024-07-27T04:34:12Z,40471,9,2,2026-03-05T12:11:20Z,Python,548,524
bradtraversy/50projects50days,2020-11-16T14:39:01Z,40466,44,0,2026-03-05T10:33:13Z,CSS,0,0
zen-browser/desktop,2024-03-28T00:05:55Z,40455,781,155,2026-03-05T12:06:33Z,JavaScript,8459,7974
calcom/cal.com,2021-03-22T13:47:42Z,40455,12899,611,2026-03-05T11:44:26Z,TypeScript,9054,8072
DataExpert-io/data-engineer-handbook,2023-11-19T19:47:41Z,40408,177,0,2026-03-05T12:04:15Z,Jupyter Notebook,84,71
saadeghi/daisyui,2020-11-28T22:57:27Z,40407,524,184,2026-03-05T11:57:36Z,Svelte,2113,2083
chakra-ui/chakra-ui,2019-08-17T14:27:54Z,40346,2927,1000,2026-03-05T10:11:43Z,TypeScript,4284,4278
QSCTech/zju-icicles,2016-06-28T16:17:32Z,40301,232,0,2026-03-05T11:51:30Z,HTML,78,69
twentyhq/twenty,2022-12-01T13:04:40Z,40233,10096,59,2026-03-05T11:51:02Z,TypeScript,6133,5921
charmbracelet/bubbletea,2020-01-10T21:04:03Z,40215,673,72,2026-03-05T12:11:56Z,Go,407,314
aria2/aria2,2010-11-27T09:41:48Z,40197,254,24,2026-03-05T12:04:27Z,C++,1914,826
zbezj/HEU_KMS_Activator,2019-06-23T00:49:35Z,40192,0,49,2026-03-05T11:53:28Z,,194,31
wg/wrk,2012-03-20T11:12:28Z,40112,0,0,2026-03-05T04:45:49Z,C,407,262
remoteintech/remote-jobs,2015-10-13T03:49:25Z,40054,1374,0,2026-03-05T09:38:33Z,Nunjucks,202,196
php/php-src,2011-06-16T01:52:25Z,39980,4787,42,2026-03-05T10:51:34Z,C,4930,3989
vim/vim,2015-08-18T21:03:56Z,39957,440,0,2026-03-05T07:43:26Z,Vim Script,9353,7784
google-research/bert,2018-10-25T22:57:34Z,39887,32,0,2026-03-05T11:50:04Z,Python,1145,355
pingcap/tidb,2015-09-06T04:01:52Z,39867,34620,213,2026-03-05T11:58:40Z,Go,22420,17966
evanw/esbuild,2016-06-14T16:08:50Z,39818,257,309,2026-03-05T08:16:36Z,Go,3858,3313
HeyPuter/puter,2024-03-03T01:44:32Z,39807,1319,8,2026-03-05T11:44:41Z,JavaScript,1011,846
trpc/trpc,2020-07-18T01:17:11Z,39670,3850,230,2026-03-05T11:09:37Z,TypeScript,1339,1190
go-gorm/gorm,2013-10-25T08:31:38Z,39650,775,11,2026-03-05T09:41:45Z,Go,6095,5608
freefq/free,2020-06-07T02:48:33Z,39633,0,0,2026-03-05T12:12:21Z,,809,257
videojs/video.js,2010-05-14T18:45:10Z,39517,1819,334,2026-03-05T08:26:57Z,JavaScript,5416,4817
danielmiessler/Fabric,2024-01-03T23:18:31Z,39490,598,381,2026-03-05T11:45:26Z,Go,835,814
floodsung/Deep-Learning-Papers-Reading-Roadmap,2016-10-14T11:49:48Z,39479,28,0,2026-03-05T11:03:10Z,Python,57,5
lm-sys/FastChat,2023-03-19T00:18:02Z,39423,852,14,2026-03-05T09:20:54Z,Python,1926,1067
photoprism/photoprism,2018-01-27T12:00:15Z,39416,881,79,2026-03-05T09:17:26Z,Go,2487,2052
gofiber/fiber,2020-01-16T03:59:20Z,39337,2113,135,2026-03-05T11:54:40Z,Go,1630,1594
appsmithorg/appsmith,2020-06-30T04:07:36Z,39325,14089,302,2026-03-05T09:42:19Z,TypeScript,23706,19299
facebookresearch/faiss,2017-02-07T16:07:05Z,39272,137,24,2026-03-05T09:41:58Z,C++,2726,2499
goabstract/Awesome-Design-Tools,2019-02-12T13:55:30Z,39184,283,0,2026-03-05T10:13:30Z,JavaScript,49,26
bmad-code-org/BMAD-METHOD,2025-04-13T14:54:25Z,39170,374,24,2026-03-05T12:14:00Z,JavaScript,811,738
Dogfalo/materialize,2014-09-12T19:35:38Z,39126,449,41,2026-03-05T07:45:34Z,JavaScript,5222,4599
phaserjs/phaser,2013-04-12T12:27:51Z,39123,1734,173,2026-03-05T12:05:05Z,JavaScript,4601,4512
google/styleguide,2015-05-20T19:18:59Z,39064,197,0,2026-03-05T11:43:21Z,HTML,363,244
koalaman/shellcheck,2012-11-17T03:15:11Z,39053,331,30,2026-03-05T06:53:11Z,Haskell,2943,1759
suno-ai/bark,2023-04-07T19:34:48Z,39038,19,0,2026-03-05T03:27:20Z,Jupyter Notebook,477,242
imputnet/cobalt,2022-07-08T18:12:55Z,38999,249,0,2026-03-05T12:06:52Z,Svelte,1003,807
QuivrHQ/quivr,2023-05-12T23:53:30Z,38972,1824,354,2026-03-05T08:37:48Z,Python,1538,1534
google/leveldb,2014-08-27T21:17:52Z,38871,64,21,2026-03-05T09:25:31Z,C++,788,540
DataTalksClub/data-engineering-zoomcamp,2021-10-21T09:32:50Z,38863,454,0,2026-03-05T10:55:08Z,Jupyter Notebook,141,139
2noise/ChatTTS,2024-05-27T18:26:49Z,38863,220,6,2026-03-05T11:44:59Z,Python,672,614
chatboxai/chatbox,2023-03-06T12:22:15Z,38778,0,52,2026-03-05T11:44:08Z,TypeScript,2497,1503
mifi/lossless-cut,2016-10-30T10:49:56Z,38766,223,105,2026-03-05T09:59:39Z,TypeScript,1803,1565
novuhq/novu,2021-08-26T15:22:44Z,38640,6874,108,2026-03-05T11:17:19Z,TypeScript,1668,1544
mindsdb/mindsdb,2018-08-02T17:56:45Z,38633,5778,337,2026-03-05T09:03:02Z,Python,4400,4327
nushell/nushell,2019-05-10T16:59:42Z,38621,8452,117,2026-03-05T12:05:52Z,Rust,7023,5556
remotion-dev/remotion,2020-06-23T19:49:10Z,38618,4187,595,2026-03-05T11:55:36Z,TypeScript,2212,2139
freeCodeCamp/devdocs,2013-10-24T18:16:07Z,38579,982,0,2026-03-05T11:37:43Z,Ruby,1263,1065
impress/impress.js,2011-12-28T22:23:19Z,38518,124,15,2026-03-04T19:57:32Z,JavaScript,483,432
preactjs/preact,2015-09-11T02:40:18Z,38453,1993,240,2026-03-05T08:34:48Z,JavaScript,1928,1868
agno-agi/agno,2022-05-04T15:23:02Z,38442,2893,172,2026-03-05T11:21:19Z,Python,1968,1692
google/googletest,2015-07-28T15:07:53Z,38301,813,11,2026-03-05T11:53:48Z,C++,2364,1989
gto76/python-cheatsheet,2018-01-25T04:16:53Z,38267,0,0,2026-03-05T10:33:54Z,Python,27,27
PatrickJS/awesome-cursorrules,2024-09-16T15:38:38Z,38257,70,0,2026-03-05T11:11:58Z,MDX,51,8
PhilJay/MPAndroidChart,2014-04-25T14:29:47Z,38230,191,44,2026-03-04T06:08:52Z,Java,4965,2898
microsoft/qlib,2020-08-14T06:46:00Z,38190,750,23,2026-03-05T11:50:32Z,Python,1043,762
tw93/Mole,2025-09-23T06:38:40Z,38139,122,27,2026-03-05T12:04:43Z,Shell,344,342
lapce/lapce,2018-02-06T08:41:06Z,38107,1177,35,2026-03-05T11:57:50Z,Rust,2011,1200
istio/istio,2016-11-18T23:57:21Z,38068,29467,423,2026-03-05T09:50:56Z,Go,21701,21283
halo-dev/halo,2018-03-21T12:56:52Z,38027,2953,250,2026-03-05T10:35:16Z,Java,4577,4344
Kong/insomnia,2016-04-23T03:54:26Z,37997,3749,547,2026-03-05T11:27:58Z,TypeScript,3977,3252
ant-design/ant-design-pro,2017-08-25T10:40:44Z,37981,1025,26,2026-03-05T07:56:28Z,TypeScript,9800,9625
naptha/tesseract.js,2015-06-24T02:49:52Z,37896,204,57,2026-03-04T21:52:09Z,JavaScript,734,703
BerriAI/litellm,2023-07-27T00:09:52Z,37893,9699,1000,2026-03-05T11:56:16Z,Python,9260,8443
dotnet/aspnetcore,2014-03-11T06:09:42Z,37765,18591,275,2026-03-05T09:41:46Z,C#,38649,35094
denysdovhan/wtfjs,2017-07-14T15:42:12Z,37736,125,25,2026-03-05T05:49:42Z,JavaScript,118,96
rapid7/metasploit-framework,2011-08-30T06:13:20Z,37656,11659,0,2026-03-05T09:39:42Z,Ruby,6426,5951
FreeCodeCampChina/freecodecamp.cn,2016-09-30T03:13:43Z,37639,55,0,2026-03-05T04:38:14Z,CSS,587,445
httpie/cli,2012-02-25T12:39:13Z,37639,406,47,2026-03-05T12:09:55Z,Python,910,723
pola-rs/polars,2020-05-13T19:45:33Z,37620,12713,248,2026-03-05T12:10:34Z,Rust,12425,9912
huihut/interview,2018-02-09T09:49:48Z,37555,36,0,2026-03-05T10:03:24Z,C++,66,65
ToolJet/ToolJet,2021-03-30T08:51:34Z,37546,7733,450,2026-03-05T10:19:54Z,JavaScript,5151,4538
RSSNext/Folo,2024-04-08T03:23:35Z,37501,1432,93,2026-03-05T12:01:32Z,TypeScript,2564,2184
vlang/v,2019-02-08T02:57:06Z,37476,13071,302,2026-03-05T10:56:29Z,V,10268,9152
LAION-AI/Open-Assistant,2022-12-13T05:24:17Z,37444,1616,127,2026-03-05T10:17:08Z,Python,1646,1419
outline/outline,2016-05-22T21:31:47Z,37435,4156,157,2026-03-05T12:10:19Z,TypeScript,3910,3871
TeamNewPipe/NewPipe,2015-09-03T23:39:26Z,37416,1795,140,2026-03-05T11:56:09Z,Java,10104,8778
chatchat-space/Langchain-Chatchat,2023-03-31T12:12:45Z,37405,621,31,2026-03-05T10:37:28Z,Python,4237,4230
google-research/google-research,2018-10-04T18:42:48Z,37398,29,0,2026-03-05T11:50:19Z,Jupyter Notebook,1440,348
TencentARC/GFPGAN,2021-03-19T06:18:20Z,37393,14,8,2026-03-05T10:23:09Z,Python,509,135
CorentinTh/it-tools,2020-04-05T11:50:24Z,37362,493,10,2026-03-05T11:22:47Z,Vue,672,218
eugenp/tutorials,2013-04-29T18:26:36Z,37351,13718,0,2026-03-05T05:25:35Z,Java,791,773
NervJS/taro,2018-04-08T09:32:26Z,37331,3465,207,2026-03-05T08:35:03Z,TypeScript,13110,11493
nextlevelbuilder/ui-ux-pro-max-skill,2025-11-30T11:36:31Z,37309,60,14,2026-03-05T12:12:42Z,Python,68,27
vnpy/vnpy,2015-03-02T03:36:58Z,37257,1063,66,2026-03-05T12:11:43Z,Python,2163,2151
kilimchoi/engineering-blogs,2015-06-13T18:25:17Z,37245,681,0,2026-03-05T11:20:32Z,Ruby,97,75
llvm/llvm-project,2016-12-07T09:39:33Z,37225,75301,149,2026-03-05T12:08:48Z,LLVM,92550,64469
spacedriveapp/spacedrive,2021-09-27T05:09:04Z,37217,1957,28,2026-03-05T11:24:44Z,Rust,530,518
exacity/deeplearningbook-chinese,2016-12-07T11:46:51Z,37203,16,7,2026-03-04T15:33:18Z,TeX,203,139
0voice/interview_internal_reference,2019-06-10T06:54:19Z,37193,35,0,2026-03-05T09:31:13Z,Python,52,19
docker/compose,2013-12-09T11:40:58Z,37129,3753,275,2026-03-05T11:26:03Z,Go,8279,8234
paperless-ngx/paperless-ngx,2022-02-12T21:56:52Z,37126,2996,143,2026-03-05T11:18:31Z,Python,2366,2366
alibaba/arthas,2018-08-29T17:15:57Z,37122,582,68,2026-03-05T10:09:31Z,Java,2130,1754
code-yeongyu/oh-my-opencode,2025-12-03T01:40:05Z,37118,634,147,2026-03-05T12:07:47Z,TypeScript,1179,963
openai/gym,2016-04-27T14:59:16Z,37073,999,19,2026-03-05T09:43:53Z,Python,1840,1727
ManimCommunity/manim,2020-05-19T02:37:13Z,37044,2041,33,2026-03-05T10:36:44Z,Python,1738,1363
huiyadanli/RevokeMsgPatcher,2019-07-21T15:12:52Z,37033,12,21,2026-03-05T09:39:39Z,C#,993,945
satwikkansal/wtfpython,2017-08-28T20:22:19Z,36911,113,2,2026-03-05T08:53:12Z,Python,224,158
AobingJava/JavaFamily,2019-11-12T04:26:18Z,36900,2,0,2026-03-05T11:55:29Z,,66,60
babysor/MockingBird,2021-08-07T03:53:39Z,36875,82,1,2026-03-05T09:45:32Z,Python,892,415
inkonchain/docs,2024-05-07T16:49:36Z,36830,407,0,2026-03-04T15:14:25Z,MDX,37,13
drawdb-io/drawdb,2023-07-16T17:09:20Z,36821,349,0,2026-03-05T11:44:37Z,JavaScript,337,214
exelban/stats,2019-05-29T19:24:56Z,36803,433,321,2026-03-05T10:53:47Z,Swift,2452,2431
inkonchain/node,2024-05-13T23:20:40Z,36781,36,6,2026-03-04T15:14:25Z,Shell,26,13
PKUanonym/REKCARC-TSC-UHT,2019-04-05T03:31:23Z,36779,175,0,2026-03-05T11:29:43Z,HTML,34,32
portainer/portainer,2016-05-19T20:15:28Z,36756,4784,176,2026-03-05T10:51:21Z,TypeScript,6030,5342
sqlmapproject/sqlmap,2012-06-26T09:52:15Z,36756,180,11,2026-03-05T11:29:29Z,Python,5393,5354
inkonchain/ink-kit,2024-11-04T16:32:17Z,36686,91,0,2026-03-04T15:14:25Z,TypeScript,5,3
shadowsocks/shadowsocks-android,2012-12-16T13:40:29Z,36683,258,186,2026-03-05T12:07:08Z,Kotlin,2513,2459
roboflow/supervision,2022-11-28T14:08:44Z,36634,1120,35,2026-03-05T11:57:35Z,Python,517,431
markedjs/marked,2011-07-24T13:15:51Z,36626,1642,166,2026-03-05T08:16:39Z,TypeScript,1652,1643
open-guides/og-aws,2016-07-13T17:30:16Z,36596,498,0,2026-03-05T05:08:59Z,Shell,228,88
alebcay/awesome-shell,2014-07-07T01:57:42Z,36588,307,0,2026-03-05T11:22:21Z,,64,23
gkd-kit/gkd,2023-07-04T03:59:15Z,36548,9,64,2026-03-05T12:09:08Z,Kotlin,736,726
date-fns/date-fns,2014-10-06T10:24:22Z,36499,1068,122,2026-03-05T12:00:09Z,TypeScript,2038,1382
duckdb/duckdb,2018-06-26T15:04:45Z,36452,9602,56,2026-03-05T11:07:08Z,C++,6587,6046
huggingface/pytorch-image-models,2019-02-02T05:51:12Z,36443,522,75,2026-03-05T11:59:07Z,Python,1026,978
karpathy/LLM101n,2024-05-27T00:23:38Z,36413,0,0,2026-03-05T10:17:14Z,,0,0
fengdu78/Coursera-ML-AndrewNg-Notes,2017-11-04T10:04:08Z,36397,14,0,2026-03-05T11:43:51Z,HTML,69,15
chatanywhere/GPT_API_free,2023-04-23T12:42:08Z,36394,1,0,2026-03-05T12:05:00Z,Python,419,365
DavidHDev/react-bits,2024-08-06T06:54:54Z,36379,155,0,2026-03-05T12:01:24Z,JavaScript,477,471
typeorm/typeorm,2016-02-29T07:41:14Z,36364,2377,40,2026-03-05T11:09:57Z,TypeScript,8557,8131
SheetJS/sheetjs,2012-12-03T19:25:52Z,36203,106,0,2026-03-05T08:20:07Z,,2386,2267
hankcs/HanLP,2014-10-09T06:36:16Z,36170,79,62,2026-03-05T03:15:15Z,Python,1434,1426
slatedocs/slate,2013-09-13T22:15:24Z,36160,298,28,2026-03-05T08:56:49Z,,609,559
formulahendry/955.WLB,2019-03-27T23:53:37Z,36140,18,0,2026-03-05T08:06:38Z,,263,81
juanfont/headscale,2020-06-21T09:21:05Z,36121,1232,132,2026-03-05T11:52:14Z,Go,1235,1158
lerna/lerna,2015-12-04T09:36:55Z,36089,1021,249,2026-03-05T09:41:55Z,TypeScript,2692,2313
666ghj/BettaFish,2024-07-01T13:11:38Z,36073,105,6,2026-03-05T11:18:46Z,Python,391,374
myshell-ai/OpenVoice,2023-11-29T12:17:01Z,36040,18,0,2026-03-05T09:57:06Z,Python,348,73
geekxh/hello-algorithm,2020-05-29T05:47:09Z,36017,26,0,2026-03-05T09:11:44Z,Java,44,33
XingangPan/DragGAN,2023-05-18T10:08:02Z,35973,18,0,2026-03-05T08:37:01Z,Python,192,46
carbon-app/carbon,2017-06-16T02:50:28Z,35962,669,215,2026-03-04T14:11:44Z,JavaScript,690,627
aseprite/aseprite,2014-08-19T23:44:50Z,35930,481,123,2026-03-05T12:14:05Z,C++,4481,2639
opentofu/manifesto,2023-08-13T16:17:24Z,35890,765,0,2026-03-05T02:57:14Z,HTML,26,14
servo/servo,2012-02-08T19:07:25Z,35883,23067,5,2026-03-05T12:06:06Z,Rust,15213,12335
qbittorrent/qBittorrent,2012-02-04T09:37:46Z,35814,4120,0,2026-03-05T11:59:25Z,C++,17274,14820
deepseek-ai/awesome-deepseek-integration,2024-01-11T02:43:17Z,35789,289,0,2026-03-05T11:41:38Z,,156,154
ShareX/ShareX,2013-10-08T23:32:10Z,35776,774,85,2026-03-05T09:40:11Z,C#,7177,6611
reworkd/AgentGPT,2023-04-07T02:29:19Z,35769,541,12,2026-03-05T10:43:04Z,TypeScript,469,337
fastify/fastify,2016-09-28T19:10:14Z,35741,3263,308,2026-03-05T11:44:06Z,JavaScript,2146,2070
koajs/koa,2013-07-20T18:53:45Z,35739,541,16,2026-03-05T09:41:44Z,JavaScript,932,914
doocs/leetcode,2018-09-16T14:03:03Z,35726,4461,21,2026-03-05T11:59:04Z,Java,58,58
mattermost/mattermost,2015-06-15T06:50:02Z,35672,20526,936,2026-03-05T10:50:33Z,TypeScript,9194,8656
YunaiV/ruoyi-vue-pro,2021-01-24T03:18:25Z,35647,73,54,2026-03-05T12:12:57Z,Java,742,739
jondot/awesome-react-native,2015-03-26T19:58:06Z,35619,912,0,2026-03-04T14:25:45Z,JavaScript,75,37
jaywcjlove/linux-command,2016-11-12T15:44:26Z,35610,370,32,2026-03-05T12:06:48Z,Markdown,209,133
veggiemonk/awesome-docker,2014-09-21T17:01:48Z,35593,991,1,2026-03-05T11:44:54Z,Makefile,142,136
airbnb/lottie-android,2016-10-06T22:42:42Z,35589,720,63,2026-03-04T23:33:59Z,Java,1800,1752
XTLS/Xray-core,2020-11-09T11:23:10Z,35585,1205,106,2026-03-05T11:15:47Z,Go,2777,2753
junegunn/vim-plug,2013-09-10T14:58:51Z,35580,179,8,2026-03-05T11:37:10Z,Vim Script,1041,972
amruthpillai/reactive-resume,2020-03-25T14:08:22Z,35564,729,110,2026-03-05T10:59:27Z,TypeScript,1845,1799
umami-software/umami,2020-07-17T07:59:00Z,35527,871,106,2026-03-05T09:42:19Z,TypeScript,2073,1979
xyflow/xyflow,2019-07-15T14:47:30Z,35491,1468,369,2026-03-05T11:14:43Z,TypeScript,2366,2274
alvarotrigo/fullPage.js,2013-09-20T11:58:29Z,35488,327,109,2026-03-05T01:40:04Z,JavaScript,4152,4043
ueberdosis/tiptap,2018-08-20T19:58:58Z,35453,1503,950,2026-03-05T08:35:32Z,TypeScript,3524,2713
vadimdemedes/ink,2017-06-12T06:12:28Z,35368,290,72,2026-03-05T09:53:40Z,TypeScript,409,394
nativefier/nativefier,2015-07-05T05:56:42Z,35355,261,99,2026-03-04T22:17:51Z,TypeScript,1237,982
solidjs/solid,2018-04-24T16:36:27Z,35285,395,36,2026-03-05T11:11:02Z,TypeScript,1121,1024
sahat/hackathon-starter,2013-11-13T17:24:12Z,35211,448,18,2026-03-04T23:34:01Z,JavaScript,717,716
unknwon/the-way-to-go_ZH_CN,2013-03-24T17:18:38Z,35161,592,0,2026-03-05T08:30:14Z,Go,0,0
hashicorp/vault,2015-02-25T00:15:59Z,35158,21325,176,2026-03-05T10:12:56Z,Go,6502,5289
DioxusLabs/dioxus,2021-01-15T01:57:26Z,35092,1969,33,2026-03-05T11:42:59Z,Rust,2445,1852
bumptech/glide,2013-07-08T22:52:33Z,35035,605,54,2026-03-05T09:04:35Z,Java,4517,3935
jax-ml/jax,2018-10-25T21:25:02Z,35004,17754,134,2026-03-05T12:02:41Z,Python,6874,5192
geekan/HowToLiveLonger,2022-04-16T04:15:18Z,34964,14,0,2026-03-05T10:09:09Z,,140,103
LizardByte/Sunshine,2021-12-15T23:38:57Z,34960,1723,45,2026-03-05T11:50:08Z,C++,1183,1107
pbatard/rufus,2011-11-19T19:12:05Z,34946,1,88,2026-03-05T11:20:36Z,C,2625,2616
zsh-users/zsh-autosuggestions,2013-10-26T16:09:37Z,34938,116,0,2026-03-05T10:30:01Z,Shell,620,458
sorrycc/awesome-javascript,2014-07-01T15:59:02Z,34919,404,0,2026-03-05T11:43:59Z,,93,89
TriliumNext/Trilium,2017-05-23T00:30:20Z,34890,1800,348,2026-03-05T11:17:17Z,TypeScript,5183,4322
netty/netty,2010-11-09T09:22:21Z,34841,5063,0,2026-03-05T09:41:38Z,Java,6849,6281
typicode/husky,2014-06-23T12:14:21Z,34839,262,80,2026-03-05T07:33:12Z,JavaScript,1110,1031
geekcomputers/Python,2011-11-30T09:04:08Z,34785,2016,0,2026-03-05T10:52:46Z,Python,530,159
fxsjy/jieba,2012-09-29T07:52:01Z,34778,96,9,2026-03-05T09:15:22Z,Python,873,231
BVLC/caffe,2013-09-12T18:39:48Z,34777,1087,14,2026-03-05T12:04:23Z,C++,4801,3903
RVC-Project/Retrieval-based-Voice-Conversion-WebUI,2023-03-27T09:59:10Z,34670,477,7,2026-03-05T11:40:22Z,Python,1994,1314
mouredev/Hello-Python,2022-08-03T17:14:53Z,34664,0,0,2026-03-05T10:16:28Z,Python,425,404
ryanhanwu/How-To-Ask-Questions-The-Smart-Way,2015-03-28T16:52:40Z,34652,98,0,2026-03-05T11:55:43Z,JavaScript,30,20
Textualize/textual,2021-04-08T15:24:47Z,34615,2283,212,2026-03-05T12:11:11Z,Python,2350,2156
alan2207/bulletproof-react,2021-05-30T14:47:16Z,34567,70,0,2026-03-05T11:19:39Z,TypeScript,117,77
laravel/framework,2013-01-10T21:27:28Z,34555,17555,911,2026-03-05T10:33:29Z,PHP,19155,19103
xinntao/Real-ESRGAN,2021-07-19T03:23:30Z,34517,21,10,2026-03-05T11:43:03Z,Python,752,174
kuchin/awesome-cto,2016-12-16T19:22:18Z,34442,18,0,2026-03-05T11:22:29Z,,14,12
jaredpalmer/formik,2017-06-14T19:50:59Z,34387,836,200,2026-03-05T09:46:24Z,TypeScript,2268,1562
directus/directus,2012-12-12T01:35:36Z,34378,8541,357,2026-03-05T09:41:41Z,TypeScript,9739,9389
danny-avila/LibreChat,2023-02-12T01:06:52Z,34358,2898,80,2026-03-05T11:29:37Z,TypeScript,4175,3939
xitu/gold-miner,2015-11-04T03:29:13Z,34343,3563,0,2026-03-05T11:50:14Z,,5602,5591
nodejs/node-v0.x-archive,2009-05-27T16:29:46Z,34342,218,0,2026-03-04T05:23:58Z,,6379,6379
google/langextract,2025-07-08T20:46:06Z,34330,78,12,2026-03-05T11:59:56Z,Python,180,92
mpv-player/mpv,2012-10-13T08:08:44Z,34319,3780,88,2026-03-05T12:11:09Z,C,10842,9867
hyprwm/Hyprland,2022-03-16T19:49:13Z,34314,2272,107,2026-03-05T11:09:16Z,C++,7483,7424
python-poetry/poetry,2018-02-28T15:23:47Z,34301,2425,147,2026-03-05T09:42:05Z,Python,6317,5811
schollz/croc,2017-10-17T15:20:18Z,34295,283,180,2026-03-05T11:43:33Z,Go,563,561
nextcloud/server,2016-06-02T07:44:14Z,34248,30960,405,2026-03-05T11:44:05Z,PHP,20841,18363
chenfei-wu/TaskMatrix,2023-03-02T09:04:28Z,34240,21,0,2026-03-05T08:41:46Z,Python,357,136
pnpm/pnpm,2016-01-28T07:40:43Z,34231,3022,1000,2026-03-05T11:07:34Z,TypeScript,5231,3210
gchq/CyberChef,2016-11-28T10:34:07Z,34218,555,451,2026-03-05T12:07:45Z,JavaScript,1106,664
ashishps1/awesome-system-design-resources,2023-10-25T01:50:42Z,34215,3,0,2026-03-05T12:13:16Z,Java,30,26
testerSunshine/12306,2017-05-17T12:23:40Z,34185,31,1,2026-03-05T09:30:47Z,Python,690,466
refinedev/refine,2021-01-20T12:01:32Z,34180,4652,1000,2026-03-05T12:07:44Z,TypeScript,1725,1715
zenorocha/clipboard.js,2015-09-18T23:04:55Z,34177,117,42,2026-03-05T07:43:22Z,JavaScript,629,618
anthropics/claude-cookbooks,2023-08-15T20:23:51Z,34176,147,0,2026-03-05T12:10:27Z,Jupyter Notebook,131,122
facebookresearch/detectron2,2019-09-05T21:30:20Z,34164,0,10,2026-03-05T10:09:40Z,Python,3569,3099
microsoft/Data-Science-For-Beginners,2021-03-03T16:30:15Z,34136,452,0,2026-03-05T10:53:32Z,Jupyter Notebook,136,135
xkcoding/spring-boot-demo,2017-11-10T06:27:29Z,34103,15,0,2026-03-05T11:15:34Z,Java,173,73
TheAlgorithms/JavaScript,2017-07-13T06:12:33Z,34079,798,0,2026-03-05T10:46:57Z,JavaScript,223,202
SeleniumHQ/selenium,2013-01-14T21:40:56Z,34074,3646,114,2026-03-05T10:14:25Z,Java,11134,11015
atlassian/react-beautiful-dnd,2017-08-09T03:37:15Z,34048,531,68,2026-03-05T01:18:32Z,JavaScript,1619,1047
anoma/anoma,2021-02-02T10:00:16Z,34033,897,12,2026-03-04T19:02:50Z,Elixir,713,630
1Panel-dev/1Panel,2022-07-19T15:44:52Z,34007,4716,109,2026-03-05T11:51:40Z,Go,6322,5912
ajeetdsouza/zoxide,2020-03-05T13:11:40Z,33999,247,37,2026-03-05T12:09:46Z,Rust,719,601
qishibo/AnotherRedisDesktopManager,2019-01-08T06:01:56Z,33997,152,53,2026-03-05T10:10:04Z,JavaScript,1100,936
google-ai-edge/mediapipe,2019-06-13T19:16:41Z,33993,201,64,2026-03-05T12:14:21Z,C++,5616,5182
ehang-io/nps,2018-11-04T13:22:51Z,33935,74,59,2026-03-05T11:55:38Z,Go,1205,697
TheAlgorithms/C-Plus-Plus,2016-07-16T10:19:45Z,33901,705,0,2026-03-05T10:03:29Z,C++,331,323
zxing/zxing,2011-10-12T14:07:27Z,33873,345,32,2026-03-05T11:17:26Z,Java,1340,1336
GorvGoyl/Clone-Wars,2020-12-02T11:10:16Z,33850,130,0,2026-03-05T11:28:55Z,,87,70
harness/harness,2014-02-07T07:54:44Z,33849,1053,55,2026-03-05T09:45:38Z,Go,2017,1937
CMU-Perceptual-Computing-Lab/openpose,2017-04-24T14:06:31Z,33829,174,15,2026-03-05T11:47:57Z,C++,2007,1667
halfrost/LeetCode-Go,2017-07-18T00:06:14Z,33814,178,4,2026-03-05T09:53:53Z,Go,82,64
Pythagora-io/gpt-pilot,2023-08-16T11:56:07Z,33808,396,0,2026-03-05T10:25:11Z,Python,553,314
jqlang/jq,2012-07-18T19:57:25Z,33796,681,15,2026-03-05T07:56:20Z,C,2320,1962
asgeirtj/system_prompts_leaks,2025-05-03T02:43:56Z,33765,20,0,2026-03-05T11:50:57Z,HTML,0,0
alibaba/easyexcel,2018-02-06T03:14:08Z,33760,190,14,2026-03-05T11:38:19Z,Java,3620,3131
Blankj/AndroidUtilCode,2016-07-30T18:18:32Z,33710,88,117,2026-03-04T23:34:09Z,Java,1595,1283
AFNetworking/AFNetworking,2011-05-31T21:28:44Z,33690,710,40,2026-03-05T05:47:27Z,Objective-C,0,0
lllyasviel/ControlNet,2023-02-01T02:43:30Z,33687,5,0,2026-03-05T09:07:29Z,Python,574,138
filebrowser/filebrowser,2015-09-11T21:21:58Z,33664,761,129,2026-03-05T11:41:37Z,Go,2895,2864
ZuodaoTech/everyone-can-use-english,2019-03-15T16:33:53Z,33663,462,48,2026-03-05T11:39:01Z,TypeScript,470,376
carbon-language/carbon-lang,2020-04-27T21:45:16Z,33637,5027,606,2026-03-05T11:23:41Z,C++,794,615
shadowsocks/shadowsocks,2012-04-20T13:10:49Z,33628,70,2,2026-03-05T11:55:03Z,Python,0,0
sxyazi/yazi,2023-07-08T11:45:55Z,33470,1128,30,2026-03-05T11:37:55Z,Rust,1695,1650
XX-net/XX-Net,2015-01-15T09:35:51Z,33451,363,390,2026-03-05T09:55:56Z,Python,13340,5417
lib-pku/libpku,2018-11-22T13:33:06Z,33354,22,0,2026-03-05T11:51:56Z,TeX,43,32
v2fly/v2ray-core,2019-04-15T10:05:54Z,33338,978,121,2026-03-05T12:13:41Z,Go,1078,1054
IceWhaleTech/CasaOS,2021-09-26T02:33:09Z,33328,275,97,2026-03-05T11:12:09Z,Go,1676,897
explosion/spaCy,2014-07-03T15:15:40Z,33282,3598,133,2026-03-05T09:40:50Z,Python,5742,5585
swc-project/swc,2017-12-22T11:40:14Z,33279,5893,780,2026-03-05T08:16:40Z,Rust,4111,3736
bayandin/awesome-awesomeness,2014-07-08T05:44:19Z,33266,197,0,2026-03-05T10:02:59Z,Ruby,70,52
balena-io/etcher,2015-10-27T16:53:23Z,33224,1731,289,2026-03-05T10:39:40Z,TypeScript,2461,1850
pcottle/learnGitBranching,2012-08-13T22:36:09Z,33190,650,0,2026-03-05T05:20:52Z,JavaScript,531,478
keycloak/keycloak,2013-07-02T13:38:51Z,33153,19232,101,2026-03-05T12:08:43Z,Java,17578,15306
bilibili/ijkplayer,2013-06-03T04:12:04Z,33126,35,0,2026-03-05T10:16:15Z,C,5384,2547
drizzle-team/drizzle-orm,2021-06-24T09:03:05Z,33114,659,169,2026-03-05T12:06:34Z,TypeScript,3465,2236
utmapp/UTM,2019-04-12T16:09:24Z,33106,277,128,2026-03-05T12:06:53Z,Swift,3584,2610
adobe/brackets,2011-12-07T21:14:40Z,33105,4332,69,2026-03-05T08:17:47Z,JavaScript,9683,7066
khoj-ai/khoj,2021-08-16T01:48:44Z,33101,486,170,2026-03-05T12:08:05Z,Python,568,487
awesome-foss/awesome-sysadmin,2014-12-23T08:41:22Z,33101,342,0,2026-03-05T11:52:12Z,,105,90
immutable-js/immutable-js,2014-07-02T06:02:29Z,33097,621,92,2026-03-05T03:28:47Z,TypeScript,1266,1171
mckaywrigley/chatbot-ui,2023-03-11T14:53:14Z,33067,281,0,2026-03-05T12:13:20Z,TypeScript,1002,817
gulpjs/gulp,2013-07-04T05:26:06Z,33007,412,24,2026-03-03T20:50:02Z,JavaScript,1937,1907
thedotmack/claude-mem,2025-08-31T20:50:03Z,33003,211,209,2026-03-05T12:14:47Z,TypeScript,662,623
TabbyML/tabby,2023-03-16T09:18:01Z,32981,3001,249,2026-03-05T06:23:57Z,Rust,991,753
derailed/k9s,2019-01-25T18:46:02Z,32969,963,257,2026-03-05T09:55:28Z,Go,2284,2087
SerenityOS/serenity,2018-12-02T19:28:41Z,32964,19924,0,2026-03-05T11:44:14Z,C++,4293,3572
wailsapp/wails,2018-12-15T23:14:06Z,32957,1690,292,2026-03-05T10:00:17Z,Go,2321,2092
huggingface/diffusers,2022-05-30T16:04:02Z,32926,5516,88,2026-03-05T12:11:41Z,Python,5235,4631
AdguardTeam/AdGuardHome,2016-07-06T10:31:47Z,32910,125,229,2026-03-05T12:02:40Z,Go,5919,4698
GyulyVGC/sniffnet,2022-07-31T21:55:56Z,32910,480,16,2026-03-05T11:36:23Z,Rust,314,267
shadowsocks/ShadowsocksX-NG,2016-06-10T11:49:00Z,32904,64,30,2026-03-05T12:04:41Z,Swift,1360,1051
certbot/certbot,2014-11-12T02:52:20Z,32883,4077,68,2026-03-05T10:51:26Z,Python,5522,5389
ocrmypdf/OCRmyPDF,2013-12-20T08:26:28Z,32839,169,52,2026-03-05T10:03:11Z,Python,1322,1185
nothings/stb,2014-05-25T16:51:23Z,32819,291,0,2026-03-05T11:53:14Z,C,936,716
firecracker-microvm/firecracker,2017-10-19T06:18:47Z,32814,3425,84,2026-03-05T11:42:33Z,Rust,1485,1435
fish-shell/fish-shell,2012-05-10T03:00:55Z,32809,2192,62,2026-03-05T10:15:40Z,Rust,8014,7522
ibraheemdev/modern-unix,2021-01-12T00:50:14Z,32806,15,0,2026-03-05T11:11:30Z,,84,30
aquasecurity/trivy,2019-04-11T01:01:07Z,32781,3496,85,2026-03-05T12:12:31Z,Go,3032,2866
zeromicro/go-zero,2020-08-07T15:37:57Z,32756,2435,149,2026-03-05T09:43:05Z,Go,1956,1787
backstage/backstage,2020-01-24T22:39:49Z,32740,20326,496,2026-03-05T11:44:20Z,TypeScript,7478,7177
openai/CLIP,2020-12-16T11:24:42Z,32708,29,0,2026-03-05T11:11:00Z,Jupyter Notebook,442,192
google/comprehensive-rust,2022-12-21T15:17:24Z,32691,2402,0,2026-03-05T07:27:14Z,Rust,362,242
alibaba/nacos,2018-06-15T06:49:27Z,32690,3330,88,2026-03-05T11:16:28Z,Java,9489,9278
chen08209/FlClash,2023-08-15T07:47:22Z,32671,2,102,2026-03-05T11:51:13Z,Dart,1609,1001
mli/paper-reading,2021-10-22T06:34:51Z,32634,15,0,2026-03-05T11:28:27Z,,0,0
qier222/YesPlayMusic,2020-10-09T10:04:21Z,32622,292,32,2026-03-05T08:38:07Z,Vue,1834,1200
binarywang/WxJava,2016-01-06T08:24:05Z,32599,1182,31,2026-03-05T10:39:32Z,Java,2455,2447
MonitorControl/MonitorControl,2017-09-16T21:13:40Z,32581,220,26,2026-03-05T10:48:08Z,Swift,1010,994
stanfordnlp/dspy,2023-01-09T21:01:51Z,32562,1463,106,2026-03-05T11:04:51Z,Python,1511,1229
lutzroeder/netron,2010-12-26T12:53:43Z,32523,1,4,2026-03-05T12:01:27Z,JavaScript,1253,1236
restic/restic,2014-04-27T14:07:58Z,32512,2318,49,2026-03-05T10:51:08Z,Go,2913,2469
anthropics/prompt-eng-interactive-tutorial,2024-04-02T15:52:00Z,32484,1,0,2026-03-05T12:10:33Z,Jupyter Notebook,35,4
floating-ui/floating-ui,2016-03-29T17:00:47Z,32465,1209,506,2026-03-05T06:42:44Z,TypeScript,1476,1443
remix-run/remix,2020-10-26T19:57:28Z,32464,3660,357,2026-03-05T09:42:20Z,TypeScript,2694,2659
yewstack/yew,2017-12-16T14:19:02Z,32453,1879,38,2026-03-05T11:57:50Z,Rust,1268,1172
block/goose,2024-08-23T19:03:36Z,32446,4278,121,2026-03-05T12:07:46Z,Rust,1805,1510
open-mmlab/mmdetection,2018-08-22T07:06:06Z,32438,2358,53,2026-03-05T10:19:36Z,Python,8523,6753
beego/beego,2012-02-29T02:32:08Z,32426,1326,42,2026-03-05T11:16:43Z,Go,3381,3379
ziadoz/awesome-php,2013-11-26T03:14:19Z,32402,457,0,2026-03-05T11:12:42Z,,155,153
cursor/cursor,2023-03-12T00:19:42Z,32373,47,0,2026-03-05T08:40:23Z,,0,0
glanceapp/glance,2024-04-27T18:55:38Z,32363,110,33,2026-03-05T11:56:14Z,Go,506,293
k3s-io/k3s,2018-05-31T01:37:46Z,32354,4460,957,2026-03-05T09:42:07Z,Go,7379,7279
vercel/swr,2019-10-28T18:16:01Z,32329,816,126,2026-03-05T09:42:15Z,TypeScript,973,831
lizongying/my-tv,2023-12-04T12:18:39Z,32252,11,72,2026-03-05T11:27:27Z,C,921,777
medusajs/medusa,2020-01-18T13:39:04Z,32224,8408,146,2026-03-05T11:55:45Z,TypeScript,3658,3591
google/material-design-lite,2015-01-14T22:01:33Z,32215,655,14,2026-03-05T07:27:19Z,HTML,2204,1814
0xAX/linux-insides,2015-01-03T18:44:57Z,32213,619,0,2026-03-05T08:43:42Z,Python,191,168
labstack/echo,2015-03-01T17:43:01Z,32210,629,116,2026-03-05T09:41:50Z,Go,1489,1441
yunjey/pytorch-tutorial,2017-03-10T07:41:47Z,32206,28,0,2026-03-05T10:24:51Z,Python,180,114
Lissy93/web-check,2023-06-25T14:32:11Z,32196,53,1,2026-03-05T11:44:36Z,TypeScript,136,65
facebookresearch/fairseq,2017-08-29T16:26:12Z,32177,236,16,2026-03-05T10:57:14Z,Python,4260,3060
datalab-to/marker,2023-10-30T20:14:08Z,32170,228,71,2026-03-05T11:37:46Z,Python,650,324
The-Run-Philosophy-Organization/run,2022-04-10T05:42:40Z,32147,172,0,2026-03-05T06:55:26Z,,261,216
linera-io/linera-protocol,2021-12-19T04:09:21Z,32137,3542,31,2026-03-05T06:08:07Z,Rust,1443,902
apache/kafka,2011-08-15T18:06:16Z,32105,12769,0,2026-03-05T09:41:40Z,Java,0,0
frappe/erpnext,2011-06-08T08:20:56Z,32077,28706,1000,2026-03-05T11:36:39Z,Python,17753,15805
PDFMathTranslate/PDFMathTranslate,2024-09-06T06:56:03Z,32040,136,24,2026-03-05T11:00:47Z,Python,857,732
ashishpatel26/500-AI-Machine-learning-Deep-learning-Computer-vision-NLP-Projects-with-code,2021-01-02T12:08:37Z,32035,3,0,2026-03-05T11:37:08Z,,74,26
cockroachdb/cockroach,2014-02-06T00:18:47Z,31992,72778,0,2026-03-05T09:54:03Z,Go,82352,75709
lovell/sharp,2013-08-19T20:24:24Z,31978,311,107,2026-03-05T11:58:39Z,JavaScript,4030,3912
linexjlin/GPTs,2023-11-11T03:24:16Z,31975,45,0,2026-03-05T11:27:41Z,,31,21
NginxProxyManager/nginx-proxy-manager,2017-12-20T23:01:16Z,31960,683,86,2026-03-05T12:07:31Z,TypeScript,3189,2344
nicolargo/glances,2011-12-04T08:49:15Z,31923,772,55,2026-03-05T10:46:02Z,Python,2161,2030
hasura/graphql-engine,2018-06-18T07:57:36Z,31911,2110,300,2026-03-05T10:40:25Z,TypeScript,6409,4165
dokku/dokku,2013-06-08T10:26:57Z,31894,4511,317,2026-03-05T12:09:43Z,Shell,2844,2817
PostHog/posthog,2020-01-23T22:46:58Z,31887,34505,83,2026-03-05T12:01:13Z,Python,9084,6357
casey/just,2016-06-17T06:08:08Z,31848,1370,131,2026-03-05T11:39:18Z,Rust,1350,1005
Trinea/android-open-project,2014-01-05T15:20:15Z,31840,204,0,2026-03-05T05:11:41Z,,87,75
niklasvh/html2canvas,2011-07-16T01:05:58Z,31810,186,45,2026-03-05T08:37:49Z,TypeScript,2633,1664
Chanzhaoyu/chatgpt-web,2023-02-09T03:21:37Z,31808,159,43,2026-03-05T09:26:18Z,Vue,1746,1746
microsoft/MS-DOS,2018-06-25T18:26:02Z,31761,37,0,2026-03-05T11:42:46Z,Assembly,0,0
valinet/ExplorerPatcher,2021-08-09T14:17:24Z,31755,19,296,2026-03-05T09:39:29Z,C,2660,2358
airbnb/lottie-web,2015-02-20T21:02:59Z,31731,136,0,2026-03-05T12:05:36Z,JavaScript,2908,2128
amix/vimrc,2012-05-29T16:19:29Z,31716,107,0,2026-03-05T07:28:27Z,Vim Script,523,510
vbenjs/vue-vben-admin,2020-07-11T02:29:21Z,31662,1748,61,2026-03-05T09:39:56Z,Vue,3900,3822
kovidgoyal/kitty,2016-10-16T14:48:28Z,31654,1244,132,2026-03-05T11:51:27Z,Python,6662,6653
ReactiveX/rxjs,2015-03-15T06:17:10Z,31652,2588,2,2026-03-05T09:41:51Z,TypeScript,3165,2942
continuedev/continue,2023-05-24T03:39:39Z,31648,3891,803,2026-03-05T12:15:16Z,TypeScript,5520,4503
facebook/rocksdb,2012-11-30T06:16:18Z,31597,620,212,2026-03-05T11:50:16Z,C++,3500,2650
codex-team/editor.js,2015-11-28T20:56:35Z,31586,870,107,2026-03-05T07:30:23Z,TypeScript,1540,937
ianstormtaylor/slate,2016-06-18T01:52:42Z,31579,1980,210,2026-03-04T18:17:17Z,TypeScript,3228,2548
shardeum/shardeum,2024-04-16T22:37:25Z,31569,326,0,2026-03-05T12:03:39Z,TypeScript,40,34
numpy/numpy,2010-09-13T23:02:39Z,31560,13911,139,2026-03-05T11:45:36Z,Python,13822,11724
kubernetes/minikube,2016-04-15T22:38:35Z,31552,9396,154,2026-03-04T11:36:16Z,Go,10450,9934
tinygrad/tinygrad,2020-10-18T16:23:12Z,31492,10519,14,2026-03-05T11:22:14Z,Python,1083,959
conductor-oss/conductor,2023-12-08T06:06:09Z,31489,340,33,2026-03-05T10:09:13Z,Java,241,143
OWASP/CheatSheetSeries,2018-12-21T14:26:43Z,31477,1198,0,2026-03-05T12:00:57Z,Python,630,580
surrealdb/surrealdb,2021-12-09T15:03:29Z,31437,2605,121,2026-03-05T12:16:01Z,Rust,2372,1786
KeygraphHQ/shannon,2025-09-27T01:51:47Z,31421,57,0,2026-03-05T12:15:05Z,TypeScript,75,67
OpenBMB/ChatDev,2023-08-28T02:18:13Z,31393,136,11,2026-03-05T11:25:25Z,Python,303,269
raysan5/raylib,2013-10-24T15:46:04Z,31383,2447,24,2026-03-05T10:50:52Z,C,2128,2128
tokio-rs/tokio,2016-09-09T22:31:36Z,31359,3802,141,2026-03-05T09:58:41Z,Rust,2616,2291
influxdata/influxdb,2013-09-26T14:31:10Z,31351,10938,95,2026-03-05T09:41:44Z,Rust,14169,12117
coolsnowwolf/lede,2017-09-06T07:39:03Z,31335,2051,7,2026-03-05T11:22:58Z,C,9324,8506
TauricResearch/TradingAgents,2024-12-28T03:31:08Z,31318,19,1,2026-03-05T12:05:22Z,Python,195,33
Dokploy/dokploy,2024-04-19T07:49:30Z,31309,1327,147,2026-03-05T12:06:05Z,TypeScript,1658,1254
alpinejs/alpine,2019-11-28T13:51:55Z,31276,694,146,2026-03-05T09:42:16Z,HTML,613,613
microsoft/WSL,2016-04-06T17:32:56Z,31271,540,97,2026-03-05T12:13:19Z,C++,12068,11143
MHSanaei/3x-ui,2023-02-09T19:16:57Z,31261,642,102,2026-03-05T12:00:54Z,HTML,2684,2275
mathiasbynens/dotfiles,2011-09-05T18:07:54Z,31257,44,0,2026-03-05T09:09:53Z,Shell,393,255
microsoft/graphrag,2024-03-27T17:57:52Z,31242,720,35,2026-03-05T10:22:07Z,Python,801,772
donnemartin/interactive-coding-challenges,2015-04-28T21:36:39Z,31210,176,0,2026-03-05T10:56:49Z,Python,69,32
patchy631/ai-engineering-hub,2024-10-21T10:43:24Z,31163,62,0,2026-03-05T11:37:41Z,Jupyter Notebook,44,14
parallax/jsPDF,2009-12-06T14:56:32Z,31162,753,41,2026-03-05T10:03:27Z,JavaScript,2586,2482
ItzCrazyKns/Perplexica,2024-04-09T10:51:32Z,31153,82,33,2026-03-05T12:11:08Z,TypeScript,613,433
motiondivision/motion,2018-11-16T09:48:38Z,31130,1175,0,2026-03-05T12:07:40Z,TypeScript,1917,1717
mqyqingfeng/Blog,2017-03-13T10:04:33Z,31121,3,0,2026-03-05T08:41:50Z,,399,101
SagerNet/sing-box,2022-06-30T13:27:22Z,31103,190,497,2026-03-05T11:09:16Z,Go,2950,2791
DevToys-app/DevToys,2021-09-29T01:40:41Z,31038,501,39,2026-03-05T11:56:38Z,C#,979,664
docsifyjs/docsify,2016-11-20T07:55:43Z,31027,782,16,2026-03-05T11:44:07Z,JavaScript,1311,1230
SortableJS/Sortable,2013-12-19T10:10:13Z,31019,248,31,2026-03-05T09:41:45Z,JavaScript,1825,1346
tqdm/tqdm,2015-06-03T13:13:14Z,31000,289,133,2026-03-05T04:01:40Z,Python,1039,594
fabricjs/fabric.js,2010-06-09T22:24:38Z,30978,2427,181,2026-03-04T22:07:21Z,TypeScript,6205,5780
symfony/symfony,2010-01-04T14:21:21Z,30964,25571,600,2026-03-05T09:41:37Z,PHP,21779,21415
pear-devs/pear-desktop,2019-04-19T18:14:40Z,30953,1630,87,2026-03-05T11:44:16Z,TypeScript,1958,1380
eriklindernoren/ML-From-Scratch,2017-02-05T12:11:23Z,30949,9,0,2026-03-05T12:10:08Z,Python,78,37
OAI/OpenAPI-Specification,2014-03-03T16:53:36Z,30939,1793,14,2026-03-05T07:45:23Z,Markdown,2409,2306
iawia002/lux,2018-02-24T11:29:03Z,30925,304,86,2026-03-05T10:19:58Z,Go,1073,548
Lightning-AI/pytorch-lightning,2019-03-31T00:45:57Z,30901,9336,172,2026-03-05T12:11:50Z,Python,7496,6660
containers/podman,2017-11-01T15:01:27Z,30895,12204,236,2026-03-05T11:58:01Z,Go,10467,9557
ascoders/weekly,2017-03-20T06:10:04Z,30884,136,193,2026-03-05T10:13:43Z,JavaScript,369,366
microsoft/calculator,2019-01-28T17:55:49Z,30862,913,0,2026-03-05T09:57:53Z,C++,1147,728
alibaba/p3c,2017-06-23T06:15:51Z,30829,62,0,2026-03-05T08:44:03Z,Kotlin,859,698
webtorrent/webtorrent,2013-10-15T08:16:40Z,30816,970,229,2026-03-05T08:33:05Z,JavaScript,1675,1607
blueimp/jQuery-File-Upload,2010-12-01T15:35:32Z,30809,119,0,2026-03-04T22:04:33Z,PHP,3305,3256
AMAI-GmbH/AI-Expert-Roadmap,2020-10-24T21:49:40Z,30777,14,0,2026-03-05T06:21:28Z,JavaScript,70,54
koala73/worldmonitor,2026-01-08T17:26:06Z,30772,639,43,2026-03-05T12:15:52Z,TypeScript,204,141
seaweedfs/seaweedfs,2014-07-14T16:41:37Z,30756,3666,289,2026-03-05T10:51:51Z,Go,3528,2903
mantinedev/mantine,2021-01-07T14:02:19Z,30732,1591,291,2026-03-05T11:50:03Z,TypeScript,3452,3427
aristocratos/btop,2021-05-06T18:40:21Z,30717,372,54,2026-03-05T11:46:38Z,C++,904,481
XIU2/TrackersListCollection,2019-10-03T15:55:07Z,30715,7,0,2026-03-05T12:10:50Z,,0,0
transloadit/uppy,2015-11-16T12:32:33Z,30662,3274,392,2026-03-05T04:42:24Z,TypeScript,2520,2351
ityouknow/spring-boot-examples,2016-11-05T05:32:33Z,30645,7,0,2026-03-04T22:50:06Z,Java,109,99
blakeblackshear/frigate,2019-01-26T13:52:38Z,30643,3721,81,2026-03-05T10:38:00Z,TypeScript,5881,5791
refined-github/refined-github,2016-02-15T16:45:02Z,30612,3598,186,2026-03-05T12:15:42Z,TypeScript,4693,4602
iperov/DeepFaceLive,2020-12-15T12:19:22Z,30591,13,35,2026-03-05T09:48:05Z,Python,144,143
s0md3v/roop,2023-05-28T14:37:54Z,30546,82,6,2026-03-05T06:52:19Z,Python,0,0
layui/layui,2015-09-22T08:12:03Z,30536,673,173,2026-03-05T09:09:24Z,JavaScript,1452,1398
dgtlmoon/changedetection.io,2021-01-27T16:03:30Z,30444,1052,203,2026-03-05T11:53:07Z,Python,1617,1326
VSCodium/vscodium,2018-08-13T14:26:58Z,30356,628,263,2026-03-05T10:12:45Z,Shell,1639,1502
VincentGarreau/particles.js,2014-09-06T14:29:47Z,30352,21,6,2026-03-05T09:11:56Z,JavaScript,412,107
sequelize/sequelize,2010-07-22T07:11:11Z,30348,5021,489,2026-03-05T09:41:37Z,TypeScript,10422,9520
chinabugotech/hutool,2014-04-13T07:23:51Z,30335,514,156,2026-03-05T04:30:04Z,Java,3091,3089
trailofbits/algo,2016-05-15T03:42:48Z,30322,686,4,2026-03-05T11:57:10Z,Python,1650,1585
pmndrs/react-three-fiber,2019-02-25T14:31:51Z,30317,690,131,2026-03-05T06:49:48Z,TypeScript,1172,1166
ValveSoftware/Proton,2018-03-13T18:45:27Z,30315,13,76,2026-03-05T10:21:03Z,C++,9023,4053
herrbischoff/awesome-macos-command-line,2015-09-22T19:37:55Z,30310,104,0,2026-03-05T11:41:33Z,,0,0
Binaryify/NeteaseCloudMusicApi,2016-06-22T11:58:03Z,30291,292,0,2026-03-04T13:06:21Z,,1336,1189
wshobson/agents,2025-07-24T23:28:14Z,30285,53,0,2026-03-05T12:13:28Z,Python,59,53
facebook/folly,2012-06-01T20:49:04Z,30272,13,280,2026-03-05T06:45:10Z,C++,1249,943
tatsu-lab/stanford_alpaca,2023-03-10T23:33:09Z,30269,6,0,2026-03-05T09:05:53Z,Python,268,98
jobbole/awesome-python-cn,2015-11-03T09:50:50Z,30253,51,0,2026-03-05T11:37:54Z,Makefile,34,18
joshbuchea/HEAD,2016-04-20T20:05:37Z,30238,87,0,2026-03-05T00:14:00Z,,93,73
cfenollosa/os-tutorial,2014-09-29T08:39:34Z,30219,11,0,2026-03-05T11:45:13Z,C,182,106
AvaloniaUI/Avalonia,2013-12-05T20:13:21Z,30189,5651,119,2026-03-05T11:54:46Z,C#,8316,6484
waydabber/BetterDisplay,2021-10-24T08:32:56Z,30167,2,119,2026-03-05T11:44:28Z,,2988,2813
spf13/viper,2014-04-02T14:33:33Z,30153,520,35,2026-03-05T03:29:23Z,Go,931,923
openai/openai-python,2020-10-25T23:23:54Z,30148,1051,367,2026-03-05T10:45:59Z,Python,1205,1042
cheeriojs/cheerio,2011-10-09T04:23:20Z,30145,3121,62,2026-03-05T09:11:55Z,TypeScript,1231,1210
songquanpeng/one-api,2023-04-22T12:39:24Z,30118,287,55,2026-03-05T11:54:21Z,JavaScript,1797,896
dragonflydb/dragonfly,2021-12-11T10:00:42Z,30104,3991,114,2026-03-05T11:32:54Z,C++,2117,1853
telegramdesktop/tdesktop,2014-05-02T12:36:31Z,30072,1853,830,2026-03-05T12:13:52Z,C++,15777,14879
grafana/k6,2016-03-21T15:30:24Z,30043,2457,85,2026-03-05T10:15:20Z,Go,2564,1835
jumpserver/jumpserver,2014-07-04T03:54:59Z,30035,7871,264,2026-03-05T10:01:40Z,Python,7647,7580
sunface/rust-course,2018-08-07T05:01:21Z,30022,811,0,2026-03-05T09:30:22Z,Rust,219,154
xuxueli/xxl-job,2015-11-28T12:59:34Z,29957,124,42,2026-03-05T08:12:16Z,Java,3339,3164
StevenBlack/hosts,2012-04-12T20:22:50Z,29947,507,832,2026-03-05T05:17:12Z,Python,2204,2073
vercel/turborepo,2021-10-05T17:37:11Z,29935,7156,680,2026-03-05T12:05:26Z,Rust,2052,1941
kingToolbox/WindTerm,2019-10-09T19:56:09Z,29921,1,32,2026-03-05T12:11:16Z,C,2914,586
encode/django-rest-framework,2011-03-02T17:13:56Z,29920,3108,21,2026-03-05T09:41:39Z,Python,3946,3907
square/leakcanary,2015-04-29T23:54:16Z,29905,933,43,2026-03-05T11:13:15Z,Kotlin,1655,1514
AllThingsSmitty/css-protips,2015-08-29T12:29:03Z,29895,73,0,2026-03-05T11:13:07Z,,63,62
ageron/handson-ml2,2019-01-08T03:49:07Z,29894,65,0,2026-03-05T11:52:13Z,Jupyter Notebook,518,304
google-research/tuning_playbook,2023-01-18T23:32:32Z,29886,14,0,2026-03-05T11:50:15Z,,45,34
GoogleChrome/lighthouse,2016-03-08T01:03:11Z,29882,5564,130,2026-03-05T12:01:12Z,JavaScript,9257,8771
apolloconfig/apollo,2016-03-04T10:24:23Z,29781,1498,42,2026-03-05T11:12:38Z,Java,3398,3258
hashicorp/consul,2013-11-04T22:15:27Z,29767,14140,256,2026-03-05T11:18:24Z,Go,5579,4285
foundation/foundation-sites,2011-10-13T23:05:42Z,29763,2958,79,2026-03-05T07:07:12Z,HTML,8240,8179
iced-rs/iced,2019-07-15T22:34:46Z,29717,1161,18,2026-03-05T10:09:57Z,Rust,1308,964
JushBJJ/Mr.-Ranedeer-AI-Tutor,2023-03-31T12:37:26Z,29690,0,3,2026-03-05T07:54:10Z,,48,34
nvim-lua/kickstart.nvim,2022-06-24T03:11:24Z,29683,265,0,2026-03-05T11:36:14Z,Lua,666,633
openssl/openssl,2013-01-15T22:34:48Z,29681,145,297,2026-03-05T11:32:58Z,C,11166,9967
qarmin/czkawka,2020-09-01T17:37:29Z,29666,468,40,2026-03-05T10:54:31Z,Rust,1113,694
zellij-org/zellij,2020-09-01T14:04:28Z,29658,1383,65,2026-03-05T10:20:20Z,Rust,2524,1194
vuejs/vue-cli,2015-12-26T23:11:20Z,29638,1259,178,2026-03-04T17:23:00Z,JavaScript,5501,4564
sampotts/plyr,2015-02-14T11:33:07Z,29621,393,93,2026-03-04T22:14:37Z,JavaScript,2116,1225
alibaba/canal,2013-01-13T10:59:52Z,29617,479,32,2026-03-05T07:46:28Z,Java,4787,3615
filamentphp/filament,2020-03-19T00:19:18Z,29604,5797,821,2026-03-05T12:15:19Z,PHP,3318,3300
nginx/nginx,2015-06-23T10:26:27Z,29595,156,14,2026-03-05T12:07:03Z,C,476,250
aosabook/500lines,2013-11-04T02:02:53Z,29594,175,0,2026-03-05T10:04:40Z,JavaScript,70,41
helm/helm,2015-10-06T01:07:32Z,29572,4440,237,2026-03-04T19:32:50Z,Go,8363,8097
